date,season,yr,mnth,holiday,weekday,workingday,weather_condition,temp,humidity,windspeed,casual,total_users,year,month,is_weekend,holiday_or_weekend,casual_ratio
2011-01-01,1,0,1,0,6,0,2,0.344167,0.805833,0.160446,331,985,2011,1,1,True,0.3360406091367147
2011-01-02,1,0,1,0,0,0,2,0.363478,0.696087,0.248539,131,801,2011,1,1,True,0.16354556803974588
2011-01-03,1,0,1,0,1,1,1,0.196364,0.437273,0.248309,120,1349,2011,1,0,False,0.08895478131942998
2011-01-04,1,0,1,0,2,1,1,0.2,0.590435,0.160296,108,1562,2011,1,0,False,0.06914212548010938
2011-01-05,1,0,1,0,3,1,1,0.226957,0.436957,0.1869,82,1600,2011,1,0,False,0.05124999999996797
2011-01-06,1,0,1,0,4,1,1,0.204348,0.518261,0.0895652,88,1606,2011,1,0,False,0.054794520547911084
2011-01-07,1,0,1,0,5,1,2,0.196522,0.498696,0.168726,148,1510,2011,1,0,False,0.09801324503304767
2011-01-08,1,0,1,0,6,0,2,0.165,0.535833,0.266804,68,959,2011,1,1,True,0.07090719499471229
2011-01-09,1,0,1,0,0,0,1,0.138333,0.434167,0.36195,54,822,2011,1,1,True,0.06569343065685439
2011-01-10,1,0,1,0,1,1,1,0.150833,0.482917,0.223267,41,1321,2011,1,0,False,0.03103709311125584
2011-01-11,1,0,1,0,2,1,2,0.169091,0.686364,0.122132,43,1263,2011,1,0,False,0.034045922406940585
2011-01-12,1,0,1,0,3,1,1,0.172727,0.599545,0.304627,25,1162,2011,1,0,False,0.021514629948346374
2011-01-13,1,0,1,0,4,1,1,0.165,0.470417,0.301,38,1406,2011,1,0,False,0.027027027027007804
2011-01-14,1,0,1,0,5,1,1,0.16087,0.537826,0.126548,54,1421,2011,1,0,False,0.03800140745950879
2011-01-15,1,0,1,0,6,0,2,0.233333,0.49875,0.157963,222,1248,2011,1,1,True,0.17788461538447284
2011-01-16,1,0,1,0,0,0,1,0.231667,0.48375,0.188433,251,1204,2011,1,1,True,0.20847176079716906
2011-01-17,1,0,1,1,1,0,2,0.175833,0.5375,0.194017,117,1000,2011,1,0,True,0.116999999999883
2011-01-18,1,0,1,0,2,1,2,0.216667,0.861667,0.146775,9,683,2011,1,0,False,0.01317715959002463
2011-01-19,1,0,1,0,3,1,2,0.292174,0.741739,0.208317,78,1650,2011,1,0,False,0.04727272727269862
2011-01-20,1,0,1,0,4,1,2,0.261667,0.538333,0.195904,83,1927,2011,1,0,False,0.04307213284896571
2011-01-21,1,0,1,0,5,1,1,0.1775,0.457083,0.353242,75,1543,2011,1,0,False,0.04860661049899637
2011-01-22,1,0,1,0,6,0,1,0.0591304,0.4,0.17197,93,981,2011,1,1,True,0.09480122324149358
2011-01-23,1,0,1,0,0,0,1,0.0965217,0.436522,0.2466,150,986,2011,1,1,True,0.15212981744406479
2011-01-24,1,0,1,0,1,1,1,0.0973913,0.491739,0.15833,86,1416,2011,1,0,False,0.060734463276793264
2011-01-25,1,0,1,0,2,1,2,0.223478,0.616957,0.129796,186,1985,2011,1,0,False,0.09370277078080921
2011-01-26,1,0,1,0,3,1,3,0.2175,0.8625,0.29385,34,506,2011,1,0,False,0.06719367588919527
2011-01-27,1,0,1,0,4,1,1,0.195,0.6875,0.113837,15,431,2011,1,0,False,0.03480278422265707
2011-01-28,1,0,1,0,5,1,2,0.203478,0.793043,0.1233,38,1167,2011,1,0,False,0.03256212510708435
2011-01-29,1,0,1,0,6,0,1,0.196522,0.651739,0.145365,123,1098,2011,1,1,True,0.11202185792339525
2011-01-30,1,0,1,0,0,0,1,0.216522,0.722174,0.0739826,140,1096,2011,1,1,True,0.12773722627725573
2011-01-31,1,0,1,0,1,1,2,0.180833,0.60375,0.187192,42,1501,2011,1,0,False,0.02798134576946837
2011-02-01,1,0,2,0,2,1,2,0.192174,0.829565,0.053213,47,1360,2011,2,0,False,0.03455882352938636
2011-02-02,1,0,2,0,3,1,2,0.26,0.775417,0.264308,72,1526,2011,2,0,False,0.047182175622511674
2011-02-03,1,0,2,0,4,1,1,0.186957,0.437826,0.277752,61,1550,2011,2,0,False,0.03935483870965203
2011-02-04,1,0,2,0,5,1,2,0.211304,0.585217,0.127839,88,1708,2011,2,0,False,0.05152224824352956
2011-02-05,1,0,2,0,6,0,2,0.233333,0.929167,0.161079,100,1005,2011,2,1,True,0.09950248756209004
2011-02-06,1,0,2,0,0,0,1,0.285833,0.568333,0.1418,354,1623,2011,2,1,True,0.218114602587666
2011-02-07,1,0,2,0,1,1,1,0.271667,0.738333,0.0454083,120,1712,2011,2,0,False,0.07009345794388429
2011-02-08,1,0,2,0,2,1,1,0.220833,0.537917,0.36195,64,1530,2011,2,0,False,0.04183006535944978
2011-02-09,1,0,2,0,3,1,2,0.134783,0.494783,0.188839,53,1605,2011,2,0,False,0.03302180685356198
2011-02-10,1,0,2,0,4,1,1,0.144348,0.437391,0.221935,47,1538,2011,2,0,False,0.03055916775030523
2011-02-11,1,0,2,0,5,1,1,0.189091,0.506364,0.10855,149,1746,2011,2,0,False,0.08533791523477358
2011-02-12,1,0,2,0,6,0,1,0.2225,0.544167,0.203367,288,1472,2011,2,1,True,0.19565217391291057
2011-02-13,1,0,2,0,0,0,1,0.316522,0.457391,0.260883,397,1589,2011,2,1,True,0.24984266834471375
2011-02-14,1,0,2,0,1,1,1,0.415,0.375833,0.417908,208,1913,2011,2,0,False,0.10872974385775812
2011-02-15,1,0,2,0,2,1,1,0.266087,0.314348,0.291374,140,1815,2011,2,0,False,0.07713498622585283
2011-02-16,1,0,2,0,3,1,1,0.318261,0.423478,0.251791,218,2115,2011,2,0,False,0.10307328605196073
2011-02-17,1,0,2,0,4,1,1,0.435833,0.505,0.230104,259,2475,2011,2,0,False,0.10464646464642237
2011-02-18,1,0,2,0,5,1,1,0.521667,0.516667,0.264925,579,2927,2011,2,0,False,0.197813460881381
2011-02-19,1,0,2,0,6,0,1,0.399167,0.187917,0.507463,532,1635,2011,2,1,True,0.3253822629967429
2011-02-20,1,0,2,0,0,0,1,0.285217,0.407826,0.223235,639,1812,2011,2,1,True,0.35264900662232196
2011-02-21,1,0,2,1,1,0,2,0.303333,0.605,0.307846,195,1107,2011,2,0,True,0.17615176151745604
2011-02-22,1,0,2,0,2,1,1,0.182222,0.577778,0.195683,74,1450,2011,2,0,False,0.05103448275858549
2011-02-23,1,0,2,0,3,1,1,0.221739,0.423043,0.094113,139,1917,2011,2,0,False,0.07250912884711919
2011-02-24,1,0,2,0,4,1,2,0.295652,0.697391,0.250496,100,1807,2011,2,0,False,0.055340343110096654
2011-02-25,1,0,2,0,5,1,2,0.364348,0.712174,0.346539,120,1461,2011,2,0,False,0.08213552361390682
2011-02-26,1,0,2,0,6,0,1,0.2825,0.537917,0.186571,424,1969,2011,2,1,True,0.21533773489069816
2011-02-27,1,0,2,0,0,0,1,0.343478,0.68,0.125248,694,2402,2011,2,1,True,0.28892589508730687
2011-02-28,1,0,2,0,1,1,2,0.407273,0.876364,0.289686,81,1446,2011,2,0,False,0.056016597510334706
2011-03-01,1,0,3,0,2,1,1,0.266667,0.535,0.216425,137,1851,2011,3,0,False,0.07401404646133225
2011-03-02,1,0,3,0,3,1,1,0.335,0.449583,0.307833,231,2134,2011,3,0,False,0.10824742268036165
2011-03-03,1,0,3,0,4,1,1,0.198333,0.318333,0.225754,123,1685,2011,3,0,False,0.07299703264090623
2011-03-04,1,0,3,0,5,1,2,0.261667,0.610417,0.203346,214,1944,2011,3,0,False,0.11008230452669235
2011-03-05,1,0,3,0,6,0,2,0.384167,0.789167,0.251871,640,2077,2011,3,1,True,0.30813673567630806
2011-03-06,1,0,3,0,0,0,2,0.376522,0.948261,0.343287,114,605,2011,3,1,True,0.18842975206580426
2011-03-07,1,0,3,0,1,1,1,0.261739,0.551304,0.341352,244,1872,2011,3,0,False,0.1303418803418107
2011-03-08,1,0,3,0,2,1,1,0.2925,0.420833,0.12065,316,2133,2011,3,0,False,0.1481481481480787
2011-03-09,1,0,3,0,3,1,2,0.295833,0.775417,0.22015,191,1891,2011,3,0,False,0.10100475938651454
2011-03-10,1,0,3,0,4,1,3,0.389091,0.0,0.261877,46,623,2011,3,0,False,0.07383627608334858
2011-03-11,1,0,3,0,5,1,2,0.316522,0.649565,0.23297,247,1977,2011,3,0,False,0.12493677288815128
2011-03-12,1,0,3,0,6,0,1,0.329167,0.594583,0.220775,724,2132,2011,3,1,True,0.33958724202610713
2011-03-13,1,0,3,0,0,0,1,0.384348,0.527391,0.270604,982,2417,2011,3,1,True,0.40628878775324523
2011-03-14,1,0,3,0,1,1,1,0.325217,0.496957,0.136926,359,2046,2011,3,0,False,0.1754643206255252
2011-03-15,1,0,3,0,2,1,2,0.317391,0.655652,0.184309,289,2056,2011,3,0,False,0.140564202334562
2011-03-16,1,0,3,0,3,1,2,0.365217,0.776522,0.203117,321,2192,2011,3,0,False,0.14644160583934926
2011-03-17,1,0,3,0,4,1,1,0.415,0.602917,0.209579,424,2744,2011,3,0,False,0.15451895043726147
2011-03-18,1,0,3,0,5,1,1,0.54,0.525217,0.231017,884,3239,2011,3,0,False,0.27292374189556257
2011-03-19,1,0,3,0,6,0,1,0.4725,0.379167,0.368167,1424,3117,2011,3,1,True,0.4568495348089648
2011-03-20,1,0,3,0,0,0,1,0.3325,0.47375,0.207721,1047,2471,2011,3,1,True,0.42371509510302563
2011-03-21,2,0,3,0,1,1,2,0.430435,0.737391,0.288783,401,2077,2011,3,0,False,0.1930669234471868
2011-03-22,2,0,3,0,2,1,1,0.441667,0.624583,0.22575,460,2703,2011,3,0,False,0.17018128005913052
2011-03-23,2,0,3,0,3,1,2,0.346957,0.839565,0.234261,203,2121,2011,3,0,False,0.09570957095705059
2011-03-24,2,0,3,0,4,1,2,0.285,0.805833,0.243787,166,1865,2011,3,0,False,0.08900804289539463
2011-03-25,2,0,3,0,5,1,1,0.264167,0.495,0.230725,300,2210,2011,3,0,False,0.1357466063347802
2011-03-26,2,0,3,0,6,0,1,0.265833,0.394167,0.209571,981,2496,2011,3,1,True,0.3930288461536887
2011-03-27,2,0,3,0,0,0,2,0.253043,0.493913,0.1843,472,1693,2011,3,1,True,0.27879503839321984
2011-03-28,2,0,3,0,1,1,1,0.264348,0.302174,0.212204,222,2028,2011,3,0,False,0.1094674556212478
2011-03-29,2,0,3,0,2,1,1,0.3025,0.314167,0.226996,317,2425,2011,3,0,False,0.13072164948448217
2011-03-30,2,0,3,0,3,1,2,0.3,0.646667,0.172888,168,1536,2011,3,0,False,0.1093749999999288
2011-03-31,2,0,3,0,4,1,3,0.268333,0.918333,0.217646,179,1685,2011,3,0,False,0.10623145400587167
2011-04-01,2,0,4,0,5,1,2,0.3,0.68625,0.258708,307,2227,2011,4,0,False,0.13785361472827218
2011-04-02,2,0,4,0,6,0,2,0.315,0.65375,0.197146,898,2252,2011,4,1,True,0.3987566607458265
2011-04-03,2,0,4,0,0,0,1,0.378333,0.48,0.182213,1651,3249,2011,4,1,True,0.5081563558016288
2011-04-04,2,0,4,0,1,1,1,0.573333,0.42625,0.385571,734,3115,2011,4,0,False,0.23563402889238022
2011-04-05,2,0,4,0,2,1,2,0.414167,0.642083,0.388067,167,1795,2011,4,0,False,0.09303621169911251
2011-04-06,2,0,4,0,3,1,1,0.390833,0.470833,0.263063,413,2808,2011,4,0,False,0.1470797720797197
2011-04-07,2,0,4,0,4,1,1,0.4375,0.602917,0.162312,571,3141,2011,4,0,False,0.18178923909577147
2011-04-08,2,0,4,0,5,1,2,0.335833,0.83625,0.226992,172,1471,2011,4,0,False,0.11692726036701773
2011-04-09,2,0,4,0,6,0,2,0.3425,0.8775,0.133083,879,2455,2011,4,1,True,0.35804480651716575
2011-04-10,2,0,4,0,0,0,2,0.426667,0.8575,0.146767,1188,2895,2011,4,1,True,0.41036269430037636
2011-04-11,2,0,4,0,1,1,2,0.595652,0.716956,0.324474,855,3348,2011,4,0,False,0.25537634408594523
2011-04-12,2,0,4,0,2,1,2,0.5025,0.739167,0.274879,257,2034,2011,4,0,False,0.12635201573248458
2011-04-13,2,0,4,0,3,1,2,0.4125,0.819167,0.250617,209,2162,2011,4,0,False,0.09666975023122264
2011-04-14,2,0,4,0,4,1,1,0.4675,0.540417,0.1107,529,3267,2011,4,0,False,0.1619222528312942
2011-04-15,2,0,4,1,5,0,1,0.446667,0.67125,0.226375,642,3126,2011,4,0,True,0.2053742802302606
2011-04-16,2,0,4,0,6,0,3,0.430833,0.888333,0.340808,121,795,2011,4,1,True,0.15220125786144378
2011-04-17,2,0,4,0,0,0,1,0.456667,0.479583,0.303496,1558,3744,2011,4,1,True,0.41613247863236746
2011-04-18,2,0,4,0,1,1,1,0.5125,0.5425,0.163567,669,3429,2011,4,0,False,0.19510061242339016
2011-04-19,2,0,4,0,2,1,2,0.505833,0.665833,0.157971,409,3204,2011,4,0,False,0.12765293383266926
2011-04-20,2,0,4,0,3,1,1,0.595,0.614167,0.241925,613,3944,2011,4,0,False,0.15542596348880441
2011-04-21,2,0,4,0,4,1,1,0.459167,0.407083,0.325258,745,4189,2011,4,0,False,0.17784674146570115
2011-04-22,2,0,4,0,5,1,2,0.336667,0.729583,0.219521,177,1683,2011,4,0,False,0.10516934046339563
2011-04-23,2,0,4,0,6,0,2,0.46,0.887917,0.230725,1462,4036,2011,4,1,True,0.36223984142706583
2011-04-24,2,0,4,0,0,0,2,0.581667,0.810833,0.192175,1710,4191,2011,4,1,True,0.40801717967062556
2011-04-25,2,0,4,0,1,1,1,0.606667,0.776667,0.185333,773,4073,2011,4,0,False,0.18978639823221463
2011-04-26,2,0,4,0,2,1,1,0.631667,0.729167,0.3265,678,4400,2011,4,0,False,0.15409090909087406
2011-04-27,2,0,4,0,3,1,2,0.62,0.835417,0.3122,547,3872,2011,4,0,False,0.1412706611569883
2011-04-28,2,0,4,0,4,1,2,0.6175,0.700833,0.320908,569,4058,2011,4,0,False,0.14021685559385405
2011-04-29,2,0,4,0,5,1,1,0.51,0.457083,0.240063,878,4595,2011,4,0,False,0.19107725788896818
2011-04-30,2,0,4,0,6,0,1,0.4725,0.503333,0.235075,1965,5312,2011,4,1,True,0.36991716867462915
2011-05-01,2,0,5,0,0,0,2,0.451667,0.762083,0.106354,1138,3351,2011,5,1,True,0.3396001193672517
2011-05-02,2,0,5,0,1,1,2,0.549167,0.73,0.183454,847,4401,2011,5,0,False,0.19245625994087875
2011-05-03,2,0,5,0,2,1,2,0.616667,0.697083,0.342667,603,4451,2011,5,0,False,0.13547517411814525
2011-05-04,2,0,5,0,3,1,2,0.414167,0.737083,0.328996,255,2633,2011,5,0,False,0.09684770224075319
2011-05-05,2,0,5,0,4,1,1,0.459167,0.444167,0.295392,614,4433,2011,5,0,False,0.13850665463565565
2011-05-06,2,0,5,0,5,1,1,0.479167,0.59,0.228246,894,4608,2011,5,0,False,0.19401041666662455
2011-05-07,2,0,5,0,6,0,1,0.52,0.54125,0.16045,1612,4714,2011,5,1,True,0.34196011879500593
2011-05-08,2,0,5,0,0,0,1,0.528333,0.631667,0.0746375,1401,4333,2011,5,1,True,0.3233325640433133
2011-05-09,2,0,5,0,1,1,1,0.5325,0.58875,0.176,664,4362,2011,5,0,False,0.15222375057309667
2011-05-10,2,0,5,0,2,1,1,0.5325,0.489167,0.115671,694,4803,2011,5,0,False,0.14449302519255786
2011-05-11,2,0,5,0,3,1,1,0.5425,0.632917,0.120642,550,4182,2011,5,0,False,0.1315160210425319
2011-05-12,2,0,5,0,4,1,1,0.535,0.7475,0.189667,695,4864,2011,5,0,False,0.14288651315786535
2011-05-13,2,0,5,0,5,1,2,0.5125,0.863333,0.179725,692,4105,2011,5,0,False,0.16857490864794916
2011-05-14,2,0,5,0,6,0,2,0.520833,0.9225,0.13495,902,3409,2011,5,1,True,0.26459372249918905
2011-05-15,2,0,5,0,0,0,2,0.5625,0.867083,0.152979,1582,4553,2011,5,1,True,0.3474632110695481
2011-05-16,2,0,5,0,1,1,1,0.5775,0.787917,0.126871,773,3958,2011,5,0,False,0.1953006568973736
2011-05-17,2,0,5,0,2,1,2,0.561667,0.837917,0.277354,678,4123,2011,5,0,False,0.16444336648067803
2011-05-18,2,0,5,0,3,1,2,0.55,0.87,0.201492,536,3855,2011,5,0,False,0.13904020752266172
2011-05-19,2,0,5,0,4,1,2,0.530833,0.829583,0.108213,735,4575,2011,5,0,False,0.1606557377048829
2011-05-20,2,0,5,0,5,1,1,0.536667,0.719583,0.125013,909,4917,2011,5,0,False,0.18486882245267747
2011-05-21,2,0,5,0,6,0,1,0.6025,0.626667,0.12065,2258,5805,2011,5,1,True,0.38897502153309405
2011-05-22,2,0,5,0,0,0,1,0.604167,0.749583,0.148008,1576,4660,2011,5,1,True,0.33819742489263127
2011-05-23,2,0,5,0,1,1,2,0.631667,0.81,0.233842,836,4274,2011,5,0,False,0.19560131024796545
2011-05-24,2,0,5,0,2,1,2,0.66,0.740833,0.207092,659,4492,2011,5,0,False,0.1467052537844731
2011-05-25,2,0,5,0,3,1,1,0.660833,0.69625,0.154233,740,4978,2011,5,0,False,0.1486540779429191
2011-05-26,2,0,5,0,4,1,1,0.708333,0.6775,0.199642,758,4677,2011,5,0,False,0.1620697028009061
2011-05-27,2,0,5,0,5,1,1,0.681667,0.65375,0.240679,871,4679,2011,5,0,False,0.18615088694161439
2011-05-28,2,0,5,0,6,0,1,0.655833,0.729583,0.230092,2001,4758,2011,5,1,True,0.42055485498099604
2011-05-29,2,0,5,0,0,0,1,0.6675,0.81875,0.213938,2355,4788,2011,5,1,True,0.4918546365913759
2011-05-30,2,0,5,1,1,0,1,0.733333,0.685,0.131225,1549,4098,2011,5,0,True,0.3779892630550566
2011-05-31,2,0,5,0,2,1,1,0.775,0.636667,0.111329,673,3982,2011,5,0,False,0.1690105474635437
2011-06-01,2,0,6,0,3,1,2,0.764167,0.677083,0.207092,513,3974,2011,6,0,False,0.12908907901355585
2011-06-02,2,0,6,0,4,1,1,0.715,0.305,0.292287,736,4968,2011,6,0,False,0.1481481481481183
2011-06-03,2,0,6,0,5,1,1,0.62,0.354167,0.253121,898,5312,2011,6,0,False,0.16905120481924527
2011-06-04,2,0,6,0,6,0,1,0.635,0.45625,0.123142,1869,5342,2011,6,1,True,0.34986896293516473
2011-06-05,2,0,6,0,0,0,2,0.648333,0.6525,0.138692,1685,4906,2011,6,1,True,0.34345699143898417
2011-06-06,2,0,6,0,1,1,1,0.678333,0.6,0.121896,673,4548,2011,6,0,False,0.1479771328055963
2011-06-07,2,0,6,0,2,1,1,0.7075,0.597917,0.187808,763,4833,2011,6,0,False,0.15787295675560564
2011-06-08,2,0,6,0,3,1,1,0.775833,0.622083,0.136817,676,4401,2011,6,0,False,0.15360145421491622
2011-06-09,2,0,6,0,4,1,2,0.808333,0.568333,0.149883,563,3915,2011,6,0,False,0.14380587484032087
2011-06-10,2,0,6,0,5,1,1,0.755,0.605,0.140554,815,4586,2011,6,0,False,0.17771478412556088
2011-06-11,2,0,6,0,6,0,1,0.725,0.654583,0.15485,1729,4966,2011,6,1,True,0.34816753926694555
2011-06-12,2,0,6,0,0,0,1,0.6925,0.747917,0.163567,1467,4460,2011,6,1,True,0.3289237668160697
2011-06-13,2,0,6,0,1,1,1,0.635,0.494583,0.30535,863,5020,2011,6,0,False,0.17191235059757531
2011-06-14,2,0,6,0,2,1,1,0.604167,0.507083,0.269283,727,4891,2011,6,0,False,0.14864035984458215
2011-06-15,2,0,6,0,3,1,1,0.626667,0.471667,0.167912,769,5180,2011,6,0,False,0.14845559845556977
2011-06-16,2,0,6,0,4,1,2,0.628333,0.688333,0.206471,545,3767,2011,6,0,False,0.14467746217145083
2011-06-17,2,0,6,0,5,1,1,0.649167,0.735833,0.143029,863,4844,2011,6,0,False,0.1781585466556197
2011-06-18,2,0,6,0,6,0,1,0.696667,0.670417,0.119408,1807,5119,2011,6,1,True,0.35299863254535
2011-06-19,2,0,6,0,0,0,2,0.699167,0.666667,0.102,1639,4744,2011,6,1,True,0.34548903878576187
2011-06-20,2,0,6,0,1,1,2,0.635,0.74625,0.155475,699,4010,2011,6,0,False,0.17431421446379694
2011-06-21,3,0,6,0,2,1,2,0.680833,0.770417,0.171025,774,4835,2011,6,0,False,0.16008273009303822
2011-06-22,3,0,6,0,3,1,1,0.733333,0.7075,0.172262,661,4507,2011,6,0,False,0.14666074994449818
2011-06-23,3,0,6,0,4,1,2,0.728333,0.703333,0.238804,746,4790,2011,6,0,False,0.15574112734861048
2011-06-24,3,0,6,0,5,1,1,0.724167,0.573333,0.222025,969,4991,2011,6,0,False,0.1941494690442408
2011-06-25,3,0,6,0,6,0,1,0.695,0.483333,0.209571,1782,5202,2011,6,1,True,0.34256055363315213
2011-06-26,3,0,6,0,0,0,1,0.68,0.513333,0.0945333,1920,5305,2011,6,1,True,0.3619227144202899
2011-06-27,3,0,6,0,1,1,2,0.6825,0.658333,0.107588,854,4708,2011,6,0,False,0.1813933729821195
2011-06-28,3,0,6,0,2,1,1,0.744167,0.634167,0.144283,732,4648,2011,6,0,False,0.15748709122199708
2011-06-29,3,0,6,0,3,1,1,0.728333,0.497917,0.261821,848,5225,2011,6,0,False,0.16229665071767227
2011-06-30,3,0,6,0,4,1,1,0.696667,0.434167,0.185312,1027,5515,2011,6,0,False,0.1862194016318792
2011-07-01,3,0,7,0,5,1,1,0.7225,0.39625,0.102608,1246,5362,2011,7,0,False,0.23237597911222818
2011-07-02,3,0,7,0,6,0,1,0.738333,0.444583,0.115062,2204,5119,2011,7,1,True,0.43055284235193775
2011-07-03,3,0,7,0,0,0,2,0.716667,0.6825,0.228858,2282,4649,2011,7,1,True,0.4908582490857193
2011-07-04,3,0,7,1,1,0,2,0.726667,0.637917,0.0814792,3065,6043,2011,7,0,True,0.5071984113849897
2011-07-05,3,0,7,0,2,1,1,0.746667,0.590417,0.126258,1031,4665,2011,7,0,False,0.221007502679481
2011-07-06,3,0,7,0,3,1,1,0.72,0.743333,0.149883,784,4629,2011,7,0,False,0.16936703391657607
2011-07-07,3,0,7,0,4,1,1,0.75,0.65125,0.1592,754,4592,2011,7,0,False,0.16419860627174124
2011-07-08,3,0,7,0,5,1,2,0.709167,0.757917,0.225129,692,4040,2011,7,0,False,0.1712871287128289
2011-07-09,3,0,7,0,6,0,1,0.733333,0.609167,0.167912,1988,5336,2011,7,1,True,0.3725637181408597
2011-07-10,3,0,7,0,0,0,1,0.7475,0.578333,0.183471,1743,4881,2011,7,1,True,0.35709895513207185
2011-07-11,3,0,7,0,1,1,1,0.7625,0.635833,0.282337,723,4086,2011,7,0,False,0.17694566813505214
2011-07-12,3,0,7,0,2,1,1,0.794167,0.559167,0.200254,662,4258,2011,7,0,False,0.15547205260682115
2011-07-13,3,0,7,0,3,1,1,0.746667,0.631667,0.146133,748,4342,2011,7,0,False,0.17227084292948588
2011-07-14,3,0,7,0,4,1,1,0.680833,0.47625,0.240667,888,5084,2011,7,0,False,0.1746656176238838
2011-07-15,3,0,7,0,5,1,1,0.663333,0.59125,0.182833,1318,5538,2011,7,0,False,0.23799205489342035
2011-07-16,3,0,7,0,6,0,1,0.686667,0.585,0.208342,2418,5923,2011,7,1,True,0.4082390680397757
2011-07-17,3,0,7,0,0,0,1,0.719167,0.604167,0.245033,2006,5302,2011,7,1,True,0.37834779328548124
2011-07-18,3,0,7,0,1,1,1,0.746667,0.65125,0.215804,841,4458,2011,7,0,False,0.18864961866303528
2011-07-19,3,0,7,0,2,1,1,0.776667,0.650417,0.1306,752,4541,2011,7,0,False,0.16560229024440307
2011-07-20,3,0,7,0,3,1,1,0.768333,0.707083,0.113817,644,4332,2011,7,0,False,0.14866112650042734
2011-07-21,3,0,7,0,4,1,2,0.815,0.69125,0.222021,632,3784,2011,7,0,False,0.16701902748409964
2011-07-22,3,0,7,0,5,1,1,0.848333,0.580417,0.1331,562,3387,2011,7,0,False,0.16592855033948453
2011-07-23,3,0,7,0,6,0,1,0.849167,0.5,0.131221,987,3285,2011,7,1,True,0.30045662100447473
2011-07-24,3,0,7,0,0,0,1,0.83,0.550833,0.169171,1050,3606,2011,7,1,True,0.2911813643925981
2011-07-25,3,0,7,0,1,1,1,0.743333,0.757083,0.0908083,568,3840,2011,7,0,False,0.14791666666662814
2011-07-26,3,0,7,0,2,1,1,0.771667,0.540833,0.200258,750,4590,2011,7,0,False,0.1633986928104219
2011-07-27,3,0,7,0,3,1,1,0.775,0.402917,0.183463,755,4656,2011,7,0,False,0.1621563573882813
2011-07-28,3,0,7,0,4,1,1,0.779167,0.583333,0.178479,606,4390,2011,7,0,False,0.13804100227787286
2011-07-29,3,0,7,0,5,1,1,0.838333,0.5425,0.174138,670,3846,2011,7,0,False,0.17420696827868584
2011-07-30,3,0,7,0,6,0,1,0.804167,0.465833,0.168537,1559,4475,2011,7,1,True,0.34837988826807853
2011-07-31,3,0,7,0,0,0,1,0.805833,0.480833,0.164813,1524,4302,2011,7,1,True,0.35425383542530114
2011-08-01,3,0,8,0,1,1,1,0.771667,0.550833,0.156717,729,4266,2011,8,0,False,0.170886075949327
2011-08-02,3,0,8,0,2,1,1,0.783333,0.49125,0.20585,801,4845,2011,8,0,False,0.16532507739934665
2011-08-03,3,0,8,0,3,1,2,0.731667,0.6575,0.135583,467,3574,2011,8,0,False,0.13066592053717666
2011-08-04,3,0,8,0,4,1,2,0.71,0.7575,0.19715,799,4576,2011,8,0,False,0.1746066433566052
2011-08-05,3,0,8,0,5,1,1,0.710833,0.630833,0.184696,1023,4866,2011,8,0,False,0.2102342786682675
2011-08-06,3,0,8,0,6,0,2,0.716667,0.755,0.22825,1521,4294,2011,8,1,True,0.3542151839775607
2011-08-07,3,0,8,0,0,0,1,0.7425,0.752917,0.201487,1298,3785,2011,8,1,True,0.3429326287977958
2011-08-08,3,0,8,0,1,1,1,0.765,0.592083,0.192175,846,4326,2011,8,0,False,0.19556171983351928
2011-08-09,3,0,8,0,2,1,1,0.775,0.570417,0.151121,907,4602,2011,8,0,False,0.19708822251190847
2011-08-10,3,0,8,0,3,1,1,0.766667,0.424167,0.200258,884,4780,2011,8,0,False,0.18493723849368515
2011-08-11,3,0,8,0,4,1,1,0.7175,0.42375,0.164796,812,4792,2011,8,0,False,0.16944908180296964
2011-08-12,3,0,8,0,5,1,1,0.708333,0.415,0.125621,1051,4905,2011,8,0,False,0.21427115188578708
2011-08-13,3,0,8,0,6,0,2,0.685833,0.729583,0.211454,1504,4150,2011,8,1,True,0.3624096385541295
2011-08-14,3,0,8,0,0,0,2,0.676667,0.8175,0.222633,1338,3820,2011,8,1,True,0.35026178010462033
2011-08-15,3,0,8,0,1,1,1,0.665833,0.712083,0.208954,775,4338,2011,8,0,False,0.17865375749189055
2011-08-16,3,0,8,0,2,1,1,0.700833,0.578333,0.236329,721,4725,2011,8,0,False,0.15259259259256028
2011-08-17,3,0,8,0,3,1,1,0.723333,0.575417,0.143667,668,4694,2011,8,0,False,0.14230933106089852
2011-08-18,3,0,8,0,4,1,1,0.711667,0.654583,0.233208,639,3805,2011,8,0,False,0.1679369250985104
2011-08-19,3,0,8,0,5,1,2,0.685,0.722917,0.139308,797,4153,2011,8,0,False,0.19190946303872092
2011-08-20,3,0,8,0,6,0,1,0.6975,0.674167,0.104467,1914,5191,2011,8,1,True,0.3687150837988116
2011-08-21,3,0,8,0,0,0,1,0.710833,0.77,0.248754,1249,3873,2011,8,1,True,0.322489026594288
2011-08-22,3,0,8,0,1,1,1,0.691667,0.47,0.27675,833,4758,2011,8,0,False,0.17507356031942514
2011-08-23,3,0,8,0,2,1,1,0.640833,0.455417,0.146763,1281,5895,2011,8,0,False,0.2173027989821514
2011-08-24,3,0,8,0,3,1,1,0.673333,0.605,0.253108,949,5130,2011,8,0,False,0.18499025341126996
2011-08-25,3,0,8,0,4,1,2,0.684167,0.771667,0.210833,435,3542,2011,8,0,False,0.12281197063802292
2011-08-26,3,0,8,0,5,1,1,0.7,0.76125,0.0839625,768,4661,2011,8,0,False,0.16477150825999468
2011-08-27,3,0,8,0,6,0,2,0.68,0.85,0.375617,226,1115,2011,8,1,True,0.20269058295945946
2011-08-28,3,0,8,0,0,0,1,0.707059,0.561765,0.304659,1415,4334,2011,8,1,True,0.32648823257952775
2011-08-29,3,0,8,0,1,1,1,0.636667,0.554583,0.159825,729,4634,2011,8,0,False,0.15731549417346624
2011-08-30,3,0,8,0,2,1,1,0.639167,0.548333,0.125008,775,5204,2011,8,0,False,0.14892390468867236
2011-08-31,3,0,8,0,3,1,1,0.656667,0.597917,0.0833333,688,5058,2011,8,0,False,0.13602214313955396
2011-09-01,3,0,9,0,4,1,1,0.655,0.639167,0.141796,783,5115,2011,9,0,False,0.15307917888560055
2011-09-02,3,0,9,0,5,1,2,0.643333,0.727083,0.139929,875,4727,2011,9,0,False,0.18510683308648504
2011-09-03,3,0,9,0,6,0,1,0.669167,0.716667,0.185325,1935,4484,2011,9,1,True,0.4315343443353185
2011-09-04,3,0,9,0,0,0,1,0.709167,0.742083,0.206467,2521,4940,2011,9,1,True,0.5103238866395727
2011-09-05,3,0,9,1,1,0,2,0.673333,0.790417,0.212696,1236,3351,2011,9,0,True,0.36884512085933485
2011-09-06,3,0,9,0,2,1,3,0.54,0.886957,0.343943,204,2710,2011,9,0,False,0.0752767527674999
2011-09-07,3,0,9,0,3,1,3,0.599167,0.917083,0.0970208,118,1996,2011,9,0,False,0.05911823647291627
2011-09-08,3,0,9,0,4,1,3,0.633913,0.939565,0.192748,153,1842,2011,9,0,False,0.08306188925076924
2011-09-09,3,0,9,0,5,1,2,0.65,0.897917,0.124379,417,3544,2011,9,0,False,0.11766365688484265
2011-09-10,3,0,9,0,6,0,1,0.66,0.75375,0.153608,1750,5345,2011,9,1,True,0.3274087932646721
2011-09-11,3,0,9,0,0,0,1,0.653333,0.71375,0.115054,1633,5046,2011,9,1,True,0.32362267142284507
2011-09-12,3,0,9,0,1,1,1,0.644348,0.692174,0.088913,690,4713,2011,9,0,False,0.14640356460849852
2011-09-13,3,0,9,0,2,1,1,0.650833,0.7125,0.141804,701,4763,2011,9,0,False,0.14717614948558738
2011-09-14,3,0,9,0,3,1,1,0.673333,0.697083,0.1673,647,4785,2011,9,0,False,0.13521421107625178
2011-09-15,3,0,9,0,4,1,2,0.5775,0.709167,0.271146,428,3659,2011,9,0,False,0.11697185023227194
2011-09-16,3,0,9,0,5,1,2,0.469167,0.590417,0.164183,742,4760,2011,9,0,False,0.15588235294114372
2011-09-17,3,0,9,0,6,0,2,0.491667,0.718333,0.189675,1434,4511,2011,9,1,True,0.31788960319212634
2011-09-18,3,0,9,0,0,0,1,0.5075,0.695,0.178483,1353,4274,2011,9,1,True,0.31656527842762827
2011-09-19,3,0,9,0,1,1,2,0.549167,0.69,0.151742,691,4539,2011,9,0,False,0.15223617536899045
2011-09-20,3,0,9,0,2,1,2,0.561667,0.88125,0.134954,438,3641,2011,9,0,False,0.12029662180716279
2011-09-21,3,0,9,0,3,1,2,0.595,0.9,0.0964042,539,4352,2011,9,0,False,0.123851102941148
2011-09-22,3,0,9,0,4,1,2,0.628333,0.902083,0.128125,555,4795,2011,9,0,False,0.11574556830028868
2011-09-23,4,0,9,0,5,1,2,0.609167,0.9725,0.0783667,258,2395,2011,9,0,False,0.10772442588722016
2011-09-24,4,0,9,0,6,0,2,0.606667,0.8625,0.0783833,1776,5423,2011,9,1,True,0.32749400700713116
2011-09-25,4,0,9,0,0,0,2,0.634167,0.845,0.0503792,1544,5010,2011,9,1,True,0.3081836327344694
2011-09-26,4,0,9,0,1,1,2,0.649167,0.848333,0.1107,684,4630,2011,9,0,False,0.14773218142545405
2011-09-27,4,0,9,0,2,1,2,0.636667,0.885417,0.118171,477,4120,2011,9,0,False,0.1157766990290981
2011-09-28,4,0,9,0,3,1,2,0.635,0.84875,0.148629,480,3907,2011,9,0,False,0.1228564115689473
2011-09-29,4,0,9,0,4,1,1,0.616667,0.699167,0.172883,653,4839,2011,9,0,False,0.1349452366191083
2011-09-30,4,0,9,0,5,1,1,0.564167,0.6475,0.206475,830,5202,2011,9,0,False,0.1595540176854749
2011-10-01,4,0,10,0,6,0,2,0.41,0.75375,0.292296,480,2429,2011,10,1,True,0.19761218608472722
2011-10-02,4,0,10,0,0,0,2,0.356667,0.791667,0.222013,616,2918,2011,10,1,True,0.2111034955448214
2011-10-03,4,0,10,0,1,1,2,0.384167,0.760833,0.0833458,330,3570,2011,10,0,False,0.09243697478989008
2011-10-04,4,0,10,0,2,1,1,0.484167,0.71,0.205854,486,4456,2011,10,0,False,0.10906642728902399
2011-10-05,4,0,10,0,3,1,1,0.538333,0.647917,0.17725,559,4826,2011,10,0,False,0.11583091587233404
2011-10-06,4,0,10,0,4,1,1,0.494167,0.620833,0.134954,639,4765,2011,10,0,False,0.13410283315841887
2011-10-07,4,0,10,0,5,1,1,0.510833,0.684167,0.0223917,949,4985,2011,10,0,False,0.19037111333998186
2011-10-08,4,0,10,0,6,0,1,0.521667,0.70125,0.0454042,2235,5409,2011,10,1,True,0.4132002218523917
2011-10-09,4,0,10,0,0,0,1,0.540833,0.7275,0.06345,2397,5511,2011,10,1,True,0.4349482852476075
2011-10-10,4,0,10,1,1,0,1,0.570833,0.73375,0.0423042,1514,5117,2011,10,0,True,0.29587649013087824
2011-10-11,4,0,10,0,2,1,2,0.566667,0.80875,0.143042,667,4563,2011,10,0,False,0.1461757615603449
2011-10-12,4,0,10,0,3,1,3,0.543333,0.90625,0.24815,217,2416,2011,10,0,False,0.08981788079466481
2011-10-13,4,0,10,0,4,1,2,0.589167,0.896667,0.141787,290,2913,2011,10,0,False,0.09955372468242377
2011-10-14,4,0,10,0,5,1,2,0.550833,0.71625,0.223883,529,3644,2011,10,0,False,0.14517014270028947
2011-10-15,4,0,10,0,6,0,1,0.506667,0.483333,0.258083,1899,5217,2011,10,1,True,0.3640023001724431
2011-10-16,4,0,10,0,0,0,1,0.511667,0.486667,0.281717,1748,5041,2011,10,1,True,0.3467565959134404
2011-10-17,4,0,10,0,1,1,1,0.534167,0.579583,0.175379,713,4570,2011,10,0,False,0.15601750547042537
2011-10-18,4,0,10,0,2,1,2,0.5325,0.701667,0.110087,637,4748,2011,10,0,False,0.1341617523167367
2011-10-19,4,0,10,0,3,1,3,0.541739,0.895217,0.243339,254,2424,2011,10,0,False,0.10478547854781156
2011-10-20,4,0,10,0,4,1,1,0.475833,0.63625,0.422275,471,4195,2011,10,0,False,0.1122765196662426
2011-10-21,4,0,10,0,5,1,1,0.4275,0.574167,0.221396,676,4304,2011,10,0,False,0.15706319702598578
2011-10-22,4,0,10,0,6,0,1,0.4225,0.629167,0.0926667,1499,4308,2011,10,1,True,0.3479572887650074
2011-10-23,4,0,10,0,0,0,1,0.421667,0.74125,0.0995125,1619,4381,2011,10,1,True,0.36955033097457896
2011-10-24,4,0,10,0,1,1,1,0.463333,0.772083,0.118792,699,4187,2011,10,0,False,0.1669453069022768
2011-10-25,4,0,10,0,2,1,1,0.471667,0.622917,0.166658,695,4687,2011,10,0,False,0.14828248346487127
2011-10-26,4,0,10,0,3,1,2,0.484167,0.720417,0.148642,404,3894,2011,10,0,False,0.10374935798661948
2011-10-27,4,0,10,0,4,1,2,0.47,0.812917,0.197763,240,2659,2011,10,0,False,0.09025949605111311
2011-10-28,4,0,10,0,5,1,2,0.330833,0.585833,0.229479,456,3747,2011,10,0,False,0.12169735788627657
2011-10-29,4,0,10,0,6,0,3,0.254167,0.8825,0.351371,57,627,2011,10,1,True,0.09090909090894592
2011-10-30,4,0,10,0,0,0,1,0.319167,0.62375,0.176617,885,3331,2011,10,1,True,0.26568598018605055
2011-10-31,4,0,10,0,1,1,1,0.34,0.703333,0.10635,362,3669,2011,10,0,False,0.09866448623600473
2011-11-01,4,0,11,0,2,1,1,0.400833,0.68375,0.135571,410,4068,2011,11,0,False,0.10078662733527513
2011-11-02,4,0,11,0,3,1,1,0.3775,0.71875,0.0820917,370,4186,2011,11,0,False,0.08838987099854552
2011-11-03,4,0,11,0,4,1,1,0.408333,0.702083,0.136817,318,3974,2011,11,0,False,0.0800201308505083
2011-11-04,4,0,11,0,5,1,2,0.403333,0.6225,0.271779,470,4046,2011,11,0,False,0.11616411270387639
2011-11-05,4,0,11,0,6,0,1,0.326667,0.519167,0.189062,1156,3926,2011,11,1,True,0.2944472745796499
2011-11-06,4,0,11,0,0,0,1,0.348333,0.734583,0.0920542,952,3649,2011,11,1,True,0.2608933954507369
2011-11-07,4,0,11,0,1,1,1,0.395,0.75875,0.057225,373,4035,2011,11,0,False,0.09244114002476024
2011-11-08,4,0,11,0,2,1,1,0.408333,0.721667,0.0690375,376,4205,2011,11,0,False,0.08941736028535328
2011-11-09,4,0,11,0,3,1,1,0.4,0.758333,0.0621958,305,4109,2011,11,0,False,0.07422730591382957
2011-11-10,4,0,11,0,4,1,2,0.38,0.813333,0.189067,190,2933,2011,11,0,False,0.064780088646415
2011-11-11,4,0,11,1,5,0,1,0.324167,0.44625,0.314675,440,3368,2011,11,0,True,0.130641330166232
2011-11-12,4,0,11,0,6,0,1,0.356667,0.552917,0.212062,1275,4067,2011,11,1,True,0.31349889353323984
2011-11-13,4,0,11,0,0,0,1,0.440833,0.458333,0.281721,1004,3717,2011,11,1,True,0.2701103040085364
2011-11-14,4,0,11,0,1,1,1,0.53,0.587083,0.306596,595,4486,2011,11,0,False,0.13263486402137034
2011-11-15,4,0,11,0,2,1,2,0.53,0.68875,0.199633,449,4195,2011,11,0,False,0.10703218116803169
2011-11-16,4,0,11,0,3,1,3,0.456667,0.93,0.136829,145,1817,2011,11,0,False,0.07980187121624667
2011-11-17,4,0,11,0,4,1,2,0.341667,0.575833,0.305362,139,3053,2011,11,0,False,0.0455289878807581
2011-11-18,4,0,11,0,5,1,1,0.274167,0.41,0.168533,245,3392,2011,11,0,False,0.07222877358488437
2011-11-19,4,0,11,0,6,0,1,0.329167,0.502083,0.224496,943,3663,2011,11,1,True,0.25743925743918716
2011-11-20,4,0,11,0,0,0,2,0.463333,0.684583,0.18595,787,3520,2011,11,1,True,0.22357954545448194
2011-11-21,4,0,11,0,1,1,3,0.4475,0.91,0.138054,220,2765,2011,11,0,False,0.07956600361660775
2011-11-22,4,0,11,0,2,1,3,0.416667,0.9625,0.118792,69,1607,2011,11,0,False,0.0429371499688594
2011-11-23,4,0,11,0,3,1,2,0.440833,0.757917,0.335825,112,2566,2011,11,0,False,0.04364770070146389
2011-11-24,4,0,11,1,4,0,1,0.373333,0.549167,0.167304,560,1495,2011,11,0,True,0.37458193979908055
2011-11-25,4,0,11,0,5,1,1,0.375,0.64375,0.0988958,1095,2792,2011,11,0,False,0.3921919770772234
2011-11-26,4,0,11,0,6,0,1,0.375833,0.681667,0.0684208,1249,3068,2011,11,1,True,0.40710560625801595
2011-11-27,4,0,11,0,0,0,1,0.459167,0.698333,0.208954,810,3071,2011,11,1,True,0.2637577336371658
2011-11-28,4,0,11,0,1,1,1,0.503478,0.743043,0.142122,253,3867,2011,11,0,False,0.06542539436253804
2011-11-29,4,0,11,0,2,1,2,0.458333,0.830833,0.258092,96,2914,2011,11,0,False,0.032944406314333236
2011-11-30,4,0,11,0,3,1,1,0.325,0.613333,0.271158,188,3613,2011,11,0,False,0.05203432050925767
2011-12-01,4,0,12,0,4,1,1,0.3125,0.524583,0.220158,182,3727,2011,12,0,False,0.048832841427408416
2011-12-02,4,0,12,0,5,1,1,0.314167,0.625833,0.100754,268,3940,2011,12,0,False,0.06802030456851066
2011-12-03,4,0,12,0,6,0,1,0.299167,0.612917,0.0957833,706,3614,2011,12,1,True,0.19535141117869526
2011-12-04,4,0,12,0,0,0,1,0.330833,0.775833,0.0839583,634,3485,2011,12,1,True,0.1819225251075518
2011-12-05,4,0,12,0,1,1,2,0.385833,0.827083,0.0622083,233,3811,2011,12,0,False,0.061138808711608206
2011-12-06,4,0,12,0,2,1,3,0.4625,0.949583,0.232583,126,2594,2011,12,0,False,0.048573631457190215
2011-12-07,4,0,12,0,3,1,3,0.41,0.970417,0.266175,50,705,2011,12,0,False,0.07092198581550224
2011-12-08,4,0,12,0,4,1,1,0.265833,0.58,0.240058,150,3322,2011,12,0,False,0.045153521974700433
2011-12-09,4,0,12,0,5,1,1,0.290833,0.695833,0.0827167,261,3620,2011,12,0,False,0.07209944751379224
2011-12-10,4,0,12,0,6,0,1,0.275,0.5075,0.233221,502,3190,2011,12,1,True,0.15736677115982528
2011-12-11,4,0,12,0,0,0,1,0.220833,0.49,0.0665417,377,2743,2011,12,1,True,0.13744075829378877
2011-12-12,4,0,12,0,1,1,1,0.238333,0.670833,0.06345,143,3310,2011,12,0,False,0.04320241691841595
2011-12-13,4,0,12,0,2,1,1,0.2825,0.59,0.14055,155,3523,2011,12,0,False,0.04399659381207948
2011-12-14,4,0,12,0,3,1,2,0.3175,0.66375,0.0609583,178,3740,2011,12,0,False,0.04759358288768781
2011-12-15,4,0,12,0,4,1,2,0.4225,0.634167,0.268042,181,3709,2011,12,0,False,0.04880021569154791
2011-12-16,4,0,12,0,5,1,2,0.375,0.500417,0.260575,178,3577,2011,12,0,False,0.04976237070169143
2011-12-17,4,0,12,0,6,0,2,0.258333,0.560833,0.243167,275,2739,2011,12,1,True,0.10040160642566616
2011-12-18,4,0,12,0,0,0,1,0.238333,0.58625,0.169779,220,2431,2011,12,1,True,0.09049773755652386
2011-12-19,4,0,12,0,1,1,1,0.276667,0.6375,0.172896,260,3403,2011,12,0,False,0.07640317367026847
2011-12-20,4,0,12,0,2,1,2,0.385833,0.595417,0.0615708,216,3750,2011,12,0,False,0.05759999999998464
2011-12-21,1,0,12,0,3,1,2,0.428333,0.858333,0.2214,107,2660,2011,12,0,False,0.040225563909759315
2011-12-22,1,0,12,0,4,1,2,0.423333,0.7575,0.047275,227,3068,2011,12,0,False,0.0739895697522575
2011-12-23,1,0,12,0,5,1,1,0.373333,0.68625,0.274246,163,2209,2011,12,0,False,0.07378904481662572
2011-12-24,1,0,12,0,6,0,1,0.3025,0.5425,0.190304,155,1011,2011,12,1,True,0.15331355093951204
2011-12-25,1,0,12,0,0,0,1,0.274783,0.681304,0.155091,303,754,2011,12,1,True,0.4018567639251965
2011-12-26,1,0,12,1,1,0,1,0.321739,0.506957,0.239465,430,1317,2011,12,0,True,0.32649962034903074
2011-12-27,1,0,12,0,2,1,2,0.325,0.7625,0.18845,103,1162,2011,12,0,False,0.08864027538718705
2011-12-28,1,0,12,0,3,1,1,0.29913,0.503913,0.293961,255,2302,2011,12,0,False,0.11077324066024727
2011-12-29,1,0,12,0,4,1,1,0.248333,0.574167,0.119412,254,2423,2011,12,0,False,0.10482872472137647
2011-12-30,1,0,12,0,5,1,1,0.311667,0.636667,0.134337,491,2999,2011,12,0,False,0.16372124041341657
2011-12-31,1,0,12,0,6,0,1,0.41,0.615833,0.220154,665,2485,2011,12,1,True,0.26760563380270924
2012-01-01,1,1,1,0,0,0,1,0.37,0.6925,0.192167,686,2294,2012,1,1,True,0.29904097646020095
2012-01-02,1,1,1,1,1,0,1,0.273043,0.381304,0.329665,244,1951,2012,1,0,True,0.12506406970777803
2012-01-03,1,1,1,0,2,1,1,0.15,0.44125,0.365671,89,2236,2012,1,0,False,0.039803220035760374
2012-01-04,1,1,1,0,3,1,2,0.1075,0.414583,0.1847,95,2368,2012,1,0,False,0.040118243243226305
2012-01-05,1,1,1,0,4,1,1,0.265833,0.524167,0.129987,140,3272,2012,1,0,False,0.042787286063556605
2012-01-06,1,1,1,0,5,1,1,0.334167,0.542083,0.167908,307,4098,2012,1,0,False,0.07491459248412032
2012-01-07,1,1,1,0,6,0,1,0.393333,0.531667,0.174758,1070,4521,2012,1,1,True,0.23667330236668066
2012-01-08,1,1,1,0,0,0,1,0.3375,0.465,0.191542,599,3425,2012,1,1,True,0.17489051094885405
2012-01-09,1,1,1,0,1,1,2,0.224167,0.701667,0.0989,106,2376,2012,1,0,False,0.044612794612775834
2012-01-10,1,1,1,0,2,1,1,0.308696,0.646522,0.187552,173,3598,2012,1,0,False,0.04808226792661254
2012-01-11,1,1,1,0,3,1,2,0.274167,0.8475,0.131221,92,2177,2012,1,0,False,0.04225999081302606
2012-01-12,1,1,1,0,4,1,2,0.3825,0.802917,0.180967,269,4097,2012,1,0,False,0.06565779838904914
2012-01-13,1,1,1,0,5,1,1,0.274167,0.5075,0.378108,174,3214,2012,1,0,False,0.05413814561292653
2012-01-14,1,1,1,0,6,0,1,0.18,0.4575,0.187183,333,2493,2012,1,1,True,0.13357400722016302
2012-01-15,1,1,1,0,0,0,1,0.166667,0.419167,0.251258,284,2311,2012,1,1,True,0.12289052358281138
2012-01-16,1,1,1,1,1,0,1,0.19,0.5225,0.231358,217,2298,2012,1,0,True,0.09442993907741756
2012-01-17,1,1,1,0,2,1,2,0.373043,0.716087,0.34913,127,2935,2012,1,0,False,0.04327086882451677
2012-01-18,1,1,1,0,3,1,1,0.303333,0.443333,0.415429,109,3376,2012,1,0,False,0.032286729857810344
2012-01-19,1,1,1,0,4,1,1,0.19,0.4975,0.220158,130,3292,2012,1,0,False,0.03948967193194426
2012-01-20,1,1,1,0,5,1,2,0.2175,0.45,0.20275,115,3163,2012,1,0,False,0.03635788808092433
2012-01-21,1,1,1,0,6,0,2,0.173333,0.83125,0.222642,67,1301,2012,1,1,True,0.05149884704069831
2012-01-22,1,1,1,0,0,0,2,0.1625,0.79625,0.199638,196,1977,2012,1,1,True,0.0991401112796666
2012-01-23,1,1,1,0,1,1,2,0.218333,0.91125,0.110708,145,2432,2012,1,0,False,0.059621710526291276
2012-01-24,1,1,1,0,2,1,1,0.3425,0.835833,0.123767,439,4339,2012,1,0,False,0.10117538603362498
2012-01-25,1,1,1,0,3,1,1,0.294167,0.64375,0.161071,467,4270,2012,1,0,False,0.10936768149880341
2012-01-26,1,1,1,0,4,1,2,0.341667,0.769583,0.0733958,244,4075,2012,1,0,False,0.05987730061348224
2012-01-27,1,1,1,0,5,1,2,0.425,0.74125,0.342667,269,3456,2012,1,0,False,0.07783564814812563
2012-01-28,1,1,1,0,6,0,1,0.315833,0.543333,0.210829,775,4023,2012,1,1,True,0.19264230673621857
2012-01-29,1,1,1,0,0,0,1,0.2825,0.31125,0.24005,558,3243,2012,1,1,True,0.17206290471780078
2012-01-30,1,1,1,0,1,1,1,0.269167,0.400833,0.215792,126,3624,2012,1,0,False,0.03476821192052021
2012-01-31,1,1,1,0,2,1,1,0.39,0.416667,0.261817,324,4509,2012,1,0,False,0.07185628742513375
2012-02-01,1,1,2,0,3,1,1,0.469167,0.507917,0.189067,304,4579,2012,2,0,False,0.06639004149376143
2012-02-02,1,1,2,0,4,1,2,0.399167,0.672917,0.187187,190,3761,2012,2,0,False,0.05051847912787809
2012-02-03,1,1,2,0,5,1,1,0.313333,0.526667,0.178496,310,4151,2012,2,0,False,0.07468079980725735
2012-02-04,1,1,2,0,6,0,2,0.264167,0.779583,0.121896,384,2832,2012,2,1,True,0.13559322033893517
2012-02-05,1,1,2,0,0,0,2,0.265833,0.687917,0.175996,318,2947,2012,2,1,True,0.10790634543600003
2012-02-06,1,1,2,0,1,1,1,0.282609,0.622174,0.1538,206,3784,2012,2,0,False,0.05443974630019703
2012-02-07,1,1,2,0,2,1,1,0.354167,0.49625,0.147379,199,4375,2012,2,0,False,0.04548571428570389
2012-02-08,1,1,2,0,3,1,2,0.256667,0.722917,0.133721,109,2802,2012,2,0,False,0.03890078515344793
2012-02-09,1,1,2,0,4,1,1,0.265,0.562083,0.194037,163,3830,2012,2,0,False,0.042558746736281315
2012-02-10,1,1,2,0,5,1,2,0.280833,0.54,0.116929,227,3831,2012,2,0,False,0.05925345862697488
2012-02-11,1,1,2,0,6,0,3,0.224167,0.73125,0.289796,192,2169,2012,2,1,True,0.08852005532499377
2012-02-12,1,1,2,0,0,0,1,0.1275,0.464583,0.409212,73,1529,2012,2,1,True,0.047743623283160404
2012-02-13,1,1,2,0,1,1,1,0.2225,0.41125,0.167283,94,3422,2012,2,0,False,0.027469316189354918
2012-02-14,1,1,2,0,2,1,2,0.319167,0.50875,0.141179,135,3922,2012,2,0,False,0.034421213666487906
2012-02-15,1,1,2,0,3,1,1,0.348333,0.53125,0.1816,141,4169,2012,2,0,False,0.033821060206276364
2012-02-16,1,1,2,0,4,1,2,0.316667,0.752917,0.091425,74,3005,2012,2,0,False,0.024625623960058362
2012-02-17,1,1,2,0,5,1,1,0.343333,0.634583,0.205846,349,4154,2012,2,0,False,0.08401540683676359
2012-02-18,1,1,2,0,6,0,1,0.346667,0.534583,0.190929,1435,4318,2012,2,1,True,0.3323297823065464
2012-02-19,1,1,2,0,0,0,2,0.28,0.515833,0.253112,618,2689,2012,2,1,True,0.2298252138340536
2012-02-20,1,1,2,1,1,0,1,0.28,0.507826,0.229083,502,3129,2012,2,0,True,0.16043464365606888
2012-02-21,1,1,2,0,2,1,1,0.287826,0.594348,0.205717,163,3777,2012,2,0,False,0.0431559438707855
2012-02-22,1,1,2,0,3,1,1,0.395833,0.567917,0.234471,394,4773,2012,2,0,False,0.08254766394299548
2012-02-23,1,1,2,0,4,1,1,0.454167,0.554583,0.190913,516,5062,2012,2,0,False,0.10193599367836784
2012-02-24,1,1,2,0,5,1,2,0.4075,0.7375,0.237567,246,3487,2012,2,0,False,0.07054774878116704
2012-02-25,1,1,2,0,6,0,1,0.290833,0.395833,0.421642,317,2732,2012,2,1,True,0.11603221083451097
2012-02-26,1,1,2,0,0,0,1,0.279167,0.41,0.205229,515,3389,2012,2,1,True,0.15196223074648807
2012-02-27,1,1,2,0,1,1,1,0.366667,0.490833,0.268033,253,4322,2012,2,0,False,0.05853771402127289
2012-02-28,1,1,2,0,2,1,1,0.359167,0.395833,0.193417,229,4363,2012,2,0,False,0.05248682099471636
2012-02-29,1,1,2,0,3,1,2,0.344348,0.804783,0.179117,65,1834,2012,2,0,False,0.035441657579042836
2012-03-01,1,1,3,0,4,1,1,0.485833,0.615417,0.226987,325,4990,2012,3,0,False,0.06513026052102902
2012-03-02,1,1,3,0,5,1,2,0.353333,0.657083,0.144904,246,3194,2012,3,0,False,0.07701941139634408
2012-03-03,1,1,3,0,6,0,2,0.414167,0.62125,0.161079,956,4066,2012,3,1,True,0.23512051155921418
2012-03-04,1,1,3,0,0,0,1,0.325833,0.403333,0.334571,710,3423,2012,3,1,True,0.20742039146941063
2012-03-05,1,1,3,0,1,1,1,0.243333,0.50625,0.228858,203,3333,2012,3,0,False,0.06090609060904263
2012-03-06,1,1,3,0,2,1,1,0.258333,0.456667,0.200875,221,3956,2012,3,0,False,0.05586450960564816
2012-03-07,1,1,3,0,3,1,1,0.404167,0.513333,0.345779,432,4916,2012,3,0,False,0.08787632221316356
2012-03-08,1,1,3,0,4,1,1,0.5275,0.5675,0.441563,486,5382,2012,3,0,False,0.09030100334446482
2012-03-09,1,1,3,0,5,1,2,0.410833,0.407083,0.4148,447,4569,2012,3,0,False,0.09783322390017556
2012-03-10,1,1,3,0,6,0,1,0.2875,0.350417,0.22575,968,4118,2012,3,1,True,0.23506556580858787
2012-03-11,1,1,3,0,0,0,1,0.361739,0.476957,0.222587,1658,4911,2012,3,1,True,0.3376094481774918
2012-03-12,1,1,3,0,1,1,1,0.466667,0.489167,0.207713,838,5298,2012,3,0,False,0.15817289543220872
2012-03-13,1,1,3,0,2,1,1,0.565,0.6175,0.23695,762,5847,2012,3,0,False,0.13032324268853593
2012-03-14,1,1,3,0,3,1,1,0.5725,0.507083,0.115062,997,6312,2012,3,0,False,0.15795310519642616
2012-03-15,1,1,3,0,4,1,1,0.5575,0.579583,0.149883,1005,6192,2012,3,0,False,0.16230620155036138
2012-03-16,1,1,3,0,5,1,2,0.435833,0.842083,0.113192,548,4378,2012,3,0,False,0.12517131110093074
2012-03-17,1,1,3,0,6,0,2,0.514167,0.755833,0.110704,3155,7836,2012,3,1,True,0.4026288922919343
2012-03-18,1,1,3,0,0,0,2,0.4725,0.81,0.126883,2207,5892,2012,3,1,True,0.37457569585872796
2012-03-19,1,1,3,0,1,1,1,0.545,0.72875,0.162317,982,6153,2012,3,0,False,0.1595969445798538
2012-03-20,1,1,3,0,2,1,1,0.560833,0.807917,0.121271,1051,6093,2012,3,0,False,0.17249302478250902
2012-03-21,2,1,3,0,3,1,2,0.531667,0.82125,0.0895583,1122,6230,2012,3,0,False,0.1800963081861669
2012-03-22,2,1,3,0,4,1,1,0.554167,0.83125,0.117562,1334,6871,2012,3,0,False,0.1941493232425856
2012-03-23,2,1,3,0,5,1,2,0.601667,0.694167,0.1163,2469,8362,2012,3,0,False,0.29526429083947675
2012-03-24,2,1,3,0,6,0,2,0.5025,0.885417,0.192783,1033,3372,2012,3,1,True,0.30634638196906694
2012-03-25,2,1,3,0,0,0,2,0.4375,0.880833,0.220775,1532,4996,2012,3,1,True,0.306645316252941
2012-03-26,2,1,3,0,1,1,1,0.445833,0.477917,0.386821,795,5558,2012,3,0,False,0.1430370636919498
2012-03-27,2,1,3,0,2,1,1,0.323333,0.29,0.187192,531,5102,2012,3,0,False,0.10407683261464051
2012-03-28,2,1,3,0,3,1,1,0.484167,0.48125,0.291671,674,5698,2012,3,0,False,0.11828711828709752
2012-03-29,2,1,3,0,4,1,1,0.494167,0.439167,0.31965,834,6133,2012,3,0,False,0.1359856513940753
2012-03-30,2,1,3,0,5,1,2,0.37,0.580833,0.138067,796,5459,2012,3,0,False,0.1458142516944228
2012-03-31,2,1,3,0,6,0,2,0.424167,0.738333,0.250617,2301,6235,2012,3,1,True,0.3690457097032287
2012-04-01,2,1,4,0,0,0,2,0.425833,0.67625,0.172267,2347,6041,2012,4,1,True,0.38851183578871235
2012-04-02,2,1,4,0,1,1,1,0.433913,0.504348,0.312139,1208,5936,2012,4,0,False,0.20350404312665032
2012-04-03,2,1,4,0,2,1,1,0.466667,0.396667,0.100133,1348,6772,2012,4,0,False,0.19905493207321337
2012-04-04,2,1,4,0,3,1,1,0.541667,0.469583,0.180975,1058,6436,2012,4,0,False,0.16438781852079484
2012-04-05,2,1,4,0,4,1,1,0.435,0.374167,0.219529,1192,6457,2012,4,0,False,0.18460585411178804
2012-04-06,2,1,4,0,5,1,1,0.403333,0.377083,0.300388,1807,6460,2012,4,0,False,0.27972136222905886
2012-04-07,2,1,4,0,6,0,1,0.4375,0.254167,0.274871,3252,6857,2012,4,1,True,0.4742598804141061
2012-04-08,2,1,4,0,0,0,1,0.5,0.275833,0.232596,2230,5169,2012,4,1,True,0.4314180692589608
2012-04-09,2,1,4,0,1,1,1,0.489167,0.3175,0.358196,905,5585,2012,4,0,False,0.16204118173676596
2012-04-10,2,1,4,0,2,1,1,0.446667,0.435,0.249375,819,5918,2012,4,0,False,0.13839134842849976
2012-04-11,2,1,4,0,3,1,1,0.348696,0.469565,0.295274,482,4862,2012,4,0,False,0.09913615795966697
2012-04-12,2,1,4,0,4,1,1,0.3975,0.46625,0.290429,663,5409,2012,4,0,False,0.12257348863003834
2012-04-13,2,1,4,0,5,1,1,0.4425,0.408333,0.155471,1252,6398,2012,4,0,False,0.19568615192244518
2012-04-14,2,1,4,0,6,0,1,0.495,0.502917,0.190917,2795,7460,2012,4,1,True,0.3746648793565181
2012-04-15,2,1,4,0,0,0,1,0.606667,0.507917,0.225129,2846,7132,2012,4,1,True,0.3990465507570949
2012-04-16,2,1,4,1,1,0,1,0.664167,0.561667,0.284829,1198,6370,2012,4,0,True,0.18806907378332996
2012-04-17,2,1,4,0,2,1,1,0.608333,0.390417,0.273629,989,6691,2012,4,0,False,0.14781049170525365
2012-04-18,2,1,4,0,3,1,2,0.463333,0.569167,0.167912,347,4367,2012,4,0,False,0.07945958323790256
2012-04-19,2,1,4,0,4,1,1,0.498333,0.6125,0.0659292,846,6565,2012,4,0,False,0.12886519421170922
2012-04-20,2,1,4,0,5,1,1,0.526667,0.694583,0.149871,1340,7290,2012,4,0,False,0.1838134430726771
2012-04-21,2,1,4,0,6,0,1,0.57,0.682917,0.283587,2541,6624,2012,4,1,True,0.3836050724637102
2012-04-22,2,1,4,0,0,0,3,0.396667,0.835417,0.344546,120,1027,2012,4,1,True,0.11684518013620561
2012-04-23,2,1,4,0,1,1,2,0.321667,0.766667,0.303496,195,3214,2012,4,0,False,0.06067205973862456
2012-04-24,2,1,4,0,2,1,1,0.413333,0.454167,0.249383,518,5633,2012,4,0,False,0.09195810402980792
2012-04-25,2,1,4,0,3,1,1,0.476667,0.427917,0.118792,655,6196,2012,4,0,False,0.1057133634602799
2012-04-26,2,1,4,0,4,1,2,0.498333,0.756667,0.176625,475,5026,2012,4,0,False,0.09450855551132221
2012-04-27,2,1,4,0,5,1,1,0.4575,0.400833,0.347633,1014,6233,2012,4,0,False,0.16268249639015517
2012-04-28,2,1,4,0,6,0,2,0.376667,0.489583,0.129975,1120,4220,2012,4,1,True,0.2654028436018328
2012-04-29,2,1,4,0,0,0,1,0.458333,0.587083,0.116908,2229,6304,2012,4,1,True,0.35358502538065456
2012-04-30,2,1,4,0,1,1,2,0.464167,0.57,0.171638,665,5572,2012,4,0,False,0.11934673366832028
2012-05-01,2,1,5,0,2,1,2,0.613333,0.659583,0.156096,653,5740,2012,5,0,False,0.11376306620207076
2012-05-02,2,1,5,0,3,1,1,0.564167,0.797083,0.138058,667,6169,2012,5,0,False,0.1081212514183647
2012-05-03,2,1,5,0,4,1,2,0.56,0.768333,0.133696,764,6421,2012,5,0,False,0.11898458184081623
2012-05-04,2,1,5,0,5,1,1,0.6275,0.735417,0.162938,1069,6296,2012,5,0,False,0.16979034307494126
2012-05-05,2,1,5,0,6,0,2,0.621667,0.756667,0.152992,2496,6883,2012,5,1,True,0.362632573005904
2012-05-06,2,1,5,0,0,0,2,0.5625,0.74,0.149879,2135,6359,2012,5,1,True,0.3357446139329555
2012-05-07,2,1,5,0,1,1,2,0.5375,0.664167,0.230721,1008,6273,2012,5,0,False,0.16068866571016088
2012-05-08,2,1,5,0,2,1,2,0.581667,0.685833,0.296029,738,5728,2012,5,0,False,0.12884078212288252
2012-05-09,2,1,5,0,3,1,2,0.575,0.744167,0.216412,620,4717,2012,5,0,False,0.13143947424207517
2012-05-10,2,1,5,0,4,1,1,0.505833,0.552083,0.314063,1026,6572,2012,5,0,False,0.15611685940350636
2012-05-11,2,1,5,0,5,1,1,0.533333,0.360417,0.236937,1319,7030,2012,5,0,False,0.18762446657180828
2012-05-12,2,1,5,0,6,0,1,0.564167,0.480417,0.123133,2622,7429,2012,5,1,True,0.3529411764705407
2012-05-13,2,1,5,0,0,0,1,0.6125,0.57625,0.225117,2172,6118,2012,5,1,True,0.3550179797318805
2012-05-14,2,1,5,0,1,1,2,0.573333,0.789583,0.212692,342,2843,2012,5,0,False,0.12029546253952857
2012-05-15,2,1,5,0,2,1,2,0.611667,0.794583,0.147392,625,5115,2012,5,0,False,0.12218963831864668
2012-05-16,2,1,5,0,3,1,1,0.636667,0.697917,0.122512,991,7424,2012,5,0,False,0.13348599137929235
2012-05-17,2,1,5,0,4,1,1,0.593333,0.52,0.229475,1242,7384,2012,5,0,False,0.1682015167930433
2012-05-18,2,1,5,0,5,1,1,0.564167,0.523333,0.136817,1521,7639,2012,5,0,False,0.19910983112970296
2012-05-19,2,1,5,0,6,0,1,0.6,0.45625,0.083975,3410,8294,2012,5,1,True,0.4111405835543271
2012-05-20,2,1,5,0,0,0,1,0.620833,0.530417,0.254367,2704,7129,2012,5,1,True,0.3792958339177473
2012-05-21,2,1,5,0,1,1,2,0.598333,0.81125,0.233204,630,4359,2012,5,0,False,0.14452856159666333
2012-05-22,2,1,5,0,2,1,2,0.615,0.765833,0.118167,819,6073,2012,5,0,False,0.13485921290957764
2012-05-23,2,1,5,0,3,1,2,0.621667,0.774583,0.102,766,5260,2012,5,0,False,0.14562737642582782
2012-05-24,2,1,5,0,4,1,1,0.655,0.716667,0.172896,1059,6770,2012,5,0,False,0.15642540620381737
2012-05-25,2,1,5,0,5,1,1,0.68,0.747083,0.14055,1417,6734,2012,5,0,False,0.21042471042467917
2012-05-26,2,1,5,0,6,0,1,0.6925,0.7325,0.198992,2855,6536,2012,5,1,True,0.43681150550788905
2012-05-27,2,1,5,0,0,0,1,0.69,0.697083,0.215171,3283,6591,2012,5,1,True,0.4981034744347598
2012-05-28,2,1,5,1,1,0,1,0.7125,0.67625,0.196521,2557,6043,2012,5,0,True,0.42313420486506315
2012-05-29,2,1,5,0,2,1,1,0.7225,0.684583,0.2954,880,5743,2012,5,0,False,0.1532300191537257
2012-05-30,2,1,5,0,3,1,2,0.656667,0.67,0.134329,745,6855,2012,5,0,False,0.10867979576949545
2012-05-31,2,1,5,0,4,1,1,0.68,0.492917,0.195279,1100,7338,2012,5,0,False,0.1499046061596961
2012-06-01,2,1,6,0,5,1,2,0.654167,0.755417,0.237563,533,4127,2012,6,0,False,0.12914950327110997
2012-06-02,2,1,6,0,6,0,1,0.583333,0.549167,0.186562,2795,8120,2012,6,1,True,0.3442118226600561
2012-06-03,2,1,6,0,0,0,1,0.6025,0.493333,0.184087,2494,7641,2012,6,1,True,0.3263970684464957
2012-06-04,2,1,6,0,1,1,1,0.5975,0.487083,0.284833,1071,6998,2012,6,0,False,0.15304372677905786
2012-06-05,2,1,6,0,2,1,2,0.540833,0.613333,0.209575,968,7001,2012,6,0,False,0.13826596200540803
2012-06-06,2,1,6,0,3,1,1,0.554167,0.61125,0.077125,1027,7055,2012,6,0,False,0.14557051736355128
2012-06-07,2,1,6,0,4,1,1,0.6025,0.567083,0.15735,1038,7494,2012,6,0,False,0.13851080864689905
2012-06-08,2,1,6,0,5,1,1,0.649167,0.467917,0.175383,1488,7736,2012,6,0,False,0.19234746639087483
2012-06-09,2,1,6,0,6,0,1,0.710833,0.437083,0.144287,2708,7498,2012,6,1,True,0.36116297679376347
2012-06-10,2,1,6,0,0,0,1,0.726667,0.538333,0.133721,2224,6598,2012,6,1,True,0.33707183995144935
2012-06-11,2,1,6,0,1,1,2,0.720833,0.587917,0.207713,1017,6664,2012,6,0,False,0.1526110444177442
2012-06-12,2,1,6,0,2,1,2,0.653333,0.833333,0.214546,477,4972,2012,6,0,False,0.09593724859209654
2012-06-13,2,1,6,0,3,1,1,0.655833,0.582083,0.343279,1173,7421,2012,6,0,False,0.1580649508152327
2012-06-14,2,1,6,0,4,1,1,0.648333,0.569583,0.253733,1180,7363,2012,6,0,False,0.16026076327581687
2012-06-15,2,1,6,0,5,1,1,0.639167,0.589583,0.176617,1563,7665,2012,6,0,False,0.20391389432482662
2012-06-16,2,1,6,0,6,0,1,0.631667,0.504167,0.166667,2963,7702,2012,6,1,True,0.38470527135803884
2012-06-17,2,1,6,0,0,0,1,0.5925,0.59875,0.144904,2634,6978,2012,6,1,True,0.37747205503004044
2012-06-18,2,1,6,0,1,1,2,0.568333,0.777917,0.174746,653,5099,2012,6,0,False,0.12806432633847262
2012-06-19,2,1,6,0,2,1,1,0.688333,0.69,0.148017,968,6825,2012,6,0,False,0.14183150183148105
2012-06-20,2,1,6,0,3,1,1,0.7825,0.592083,0.113812,872,6211,2012,6,0,False,0.1403960714860505
2012-06-21,3,1,6,0,4,1,1,0.805833,0.567917,0.118787,778,5905,2012,6,0,False,0.1317527519051428
2012-06-22,3,1,6,0,5,1,1,0.7775,0.57375,0.182842,964,5823,2012,6,0,False,0.16555040357201345
2012-06-23,3,1,6,0,6,0,1,0.731667,0.534583,0.179721,2657,7458,2012,6,1,True,0.3562617323678793
2012-06-24,3,1,6,0,0,0,1,0.743333,0.479167,0.145525,2551,6891,2012,6,1,True,0.3701930053692686
2012-06-25,3,1,6,0,1,1,1,0.715833,0.504167,0.300383,1139,6779,2012,6,0,False,0.1680188818409547
2012-06-26,3,1,6,0,2,1,1,0.630833,0.373333,0.347642,1077,7442,2012,6,0,False,0.14471916151570213
2012-06-27,3,1,6,0,3,1,1,0.6975,0.36,0.271775,1077,7335,2012,6,0,False,0.14683026584865072
2012-06-28,3,1,6,0,4,1,1,0.749167,0.4225,0.17165,921,6879,2012,6,0,False,0.1338857392062605
2012-06-29,3,1,6,0,5,1,1,0.834167,0.48875,0.165417,829,5463,2012,6,0,False,0.15174812374150617
2012-06-30,3,1,6,0,6,0,1,0.765,0.60125,0.161071,1455,5687,2012,6,1,True,0.2558466678388859
2012-07-01,3,1,7,0,0,0,1,0.815833,0.51875,0.168529,1421,5531,2012,7,1,True,0.25691556680523286
2012-07-02,3,1,7,0,1,1,1,0.781667,0.447083,0.195267,904,6227,2012,7,0,False,0.14517424120762082
2012-07-03,3,1,7,0,2,1,1,0.780833,0.492083,0.126237,1052,6660,2012,7,0,False,0.15795795795793424
2012-07-04,3,1,7,1,3,0,1,0.789167,0.53875,0.13495,2562,7403,2012,7,0,True,0.3460759151694791
2012-07-05,3,1,7,0,4,1,1,0.8275,0.457917,0.194029,1405,6241,2012,7,0,False,0.2251241788174611
2012-07-06,3,1,7,0,5,1,1,0.828333,0.450833,0.146142,1366,6207,2012,7,0,False,0.22007410987591103
2012-07-07,3,1,7,0,6,0,1,0.861667,0.492083,0.163554,1448,4840,2012,7,1,True,0.29917355371894644
2012-07-08,3,1,7,0,0,0,1,0.8225,0.57375,0.125629,1203,4672,2012,7,1,True,0.25749143835610927
2012-07-09,3,1,7,0,1,1,2,0.710833,0.683333,0.180975,998,6569,2012,7,0,False,0.15192571167603106
2012-07-10,3,1,7,0,2,1,2,0.720833,0.6675,0.151737,954,6290,2012,7,0,False,0.1516693163751746
2012-07-11,3,1,7,0,3,1,1,0.716667,0.633333,0.151733,975,7264,2012,7,0,False,0.13422356828191984
2012-07-12,3,1,7,0,4,1,1,0.715833,0.529583,0.146775,1032,7446,2012,7,0,False,0.1385979049153722
2012-07-13,3,1,7,0,5,1,2,0.731667,0.485833,0.08085,1511,7499,2012,7,0,False,0.20149353247096924
2012-07-14,3,1,7,0,6,0,2,0.703333,0.699167,0.143679,2355,6969,2012,7,1,True,0.3379250968574633
2012-07-15,3,1,7,0,0,0,1,0.745833,0.717917,0.166667,1920,6031,2012,7,1,True,0.31835516498087907
2012-07-16,3,1,7,0,1,1,1,0.763333,0.645,0.164187,1088,6830,2012,7,0,False,0.15929721815517434
2012-07-17,3,1,7,0,2,1,1,0.818333,0.505833,0.114429,921,6786,2012,7,0,False,0.13572060123782262
2012-07-18,3,1,7,0,3,1,1,0.793333,0.577083,0.137442,799,5713,2012,7,0,False,0.13985646770520918
2012-07-19,3,1,7,0,4,1,1,0.77,0.600417,0.165429,888,6591,2012,7,0,False,0.13472917614927404
2012-07-20,3,1,7,0,5,1,2,0.665833,0.844167,0.208967,747,5870,2012,7,0,False,0.12725724020440762
2012-07-21,3,1,7,0,6,0,3,0.595833,0.865417,0.2133,1264,4459,2012,7,1,True,0.28347163041034235
2012-07-22,3,1,7,0,0,0,2,0.6675,0.7625,0.0939208,2544,7410,2012,7,1,True,0.3433198380566338
2012-07-23,3,1,7,0,1,1,1,0.741667,0.694167,0.138683,1135,6966,2012,7,0,False,0.1629342520815155
2012-07-24,3,1,7,0,2,1,1,0.750833,0.655,0.211454,1140,7592,2012,7,0,False,0.15015806111694543
2012-07-25,3,1,7,0,3,1,1,0.724167,0.45,0.1648,1383,8173,2012,7,0,False,0.16921571026548768
2012-07-26,3,1,7,0,4,1,1,0.776667,0.596667,0.284813,1036,6861,2012,7,0,False,0.15099839673514778
2012-07-27,3,1,7,0,5,1,1,0.781667,0.594583,0.152992,1259,6904,2012,7,0,False,0.18235805330240695
2012-07-28,3,1,7,0,6,0,1,0.755833,0.613333,0.15735,2234,6685,2012,7,1,True,0.33418100224377945
2012-07-29,3,1,7,0,0,0,1,0.721667,0.62375,0.170396,2153,6597,2012,7,1,True,0.32636046687883485
2012-07-30,3,1,7,0,1,1,1,0.730833,0.66875,0.153617,1040,7105,2012,7,0,False,0.14637579169596812
2012-07-31,3,1,7,0,2,1,1,0.713333,0.704167,0.165425,968,7216,2012,7,0,False,0.13414634146339605
2012-08-01,3,1,8,0,3,1,1,0.7175,0.6775,0.141179,1074,7580,2012,8,0,False,0.1416886543535433
2012-08-02,3,1,8,0,4,1,1,0.7525,0.659583,0.129354,983,7261,2012,8,0,False,0.13538080154246862
2012-08-03,3,1,8,0,5,1,2,0.765833,0.6425,0.215792,1328,7175,2012,8,0,False,0.18508710801391148
2012-08-04,3,1,8,0,6,0,1,0.793333,0.613333,0.257458,2345,6824,2012,8,1,True,0.343640093786585
2012-08-05,3,1,8,0,0,0,1,0.769167,0.6525,0.290421,1707,5464,2012,8,1,True,0.31240849194723413
2012-08-06,3,1,8,0,1,1,2,0.7525,0.654167,0.129354,1233,7013,2012,8,0,False,0.17581634108082478
2012-08-07,3,1,8,0,2,1,2,0.735833,0.70375,0.116908,1278,7273,2012,8,0,False,0.17571841055957985
2012-08-08,3,1,8,0,3,1,2,0.75,0.672917,0.1107,1263,7534,2012,8,0,False,0.16764003185556575
2012-08-09,3,1,8,0,4,1,1,0.755833,0.620417,0.1561,1196,7286,2012,8,0,False,0.1641504254734883
2012-08-10,3,1,8,0,5,1,2,0.715833,0.715833,0.238813,1065,5786,2012,8,0,False,0.18406498444518077
2012-08-11,3,1,8,0,6,0,2,0.6925,0.732917,0.206479,2247,6299,2012,8,1,True,0.356723289410961
2012-08-12,3,1,8,0,0,0,1,0.700833,0.530417,0.122512,2182,6544,2012,8,1,True,0.3334352078239099
2012-08-13,3,1,8,0,1,1,1,0.720833,0.545417,0.136212,1207,6883,2012,8,0,False,0.1753595815777749
2012-08-14,3,1,8,0,2,1,1,0.726667,0.686667,0.169158,1128,6784,2012,8,0,False,0.16627358490563585
2012-08-15,3,1,8,0,3,1,1,0.706667,0.619583,0.169771,1198,7347,2012,8,0,False,0.16305975227981992
2012-08-16,3,1,8,0,4,1,1,0.719167,0.519167,0.141796,1338,7605,2012,8,0,False,0.17593688362916818
2012-08-17,3,1,8,0,5,1,1,0.723333,0.570833,0.231354,1483,7148,2012,8,0,False,0.20747062115274098
2012-08-18,3,1,8,0,6,0,1,0.678333,0.603333,0.177867,2827,7865,2012,8,1,True,0.35944055944051373
2012-08-19,3,1,8,0,0,0,2,0.635833,0.711667,0.08645,1208,4549,2012,8,1,True,0.26555286876230694
2012-08-20,3,1,8,0,1,1,2,0.635833,0.734167,0.129979,1026,6530,2012,8,0,False,0.15712098009185954
2012-08-21,3,1,8,0,2,1,1,0.649167,0.67375,0.0727708,1081,7006,2012,8,0,False,0.15429631744217037
2012-08-22,3,1,8,0,3,1,1,0.6675,0.677083,0.0702833,1094,7375,2012,8,0,False,0.14833898305082732
2012-08-23,3,1,8,0,4,1,1,0.695833,0.635833,0.0845958,1363,7765,2012,8,0,False,0.17553122987763353
2012-08-24,3,1,8,0,5,1,2,0.7025,0.615,0.0721458,1325,7582,2012,8,0,False,0.17475600105510752
2012-08-25,3,1,8,0,6,0,2,0.661667,0.712917,0.244408,1829,6053,2012,8,1,True,0.3021642160911445
2012-08-26,3,1,8,0,0,0,2,0.653333,0.845833,0.228858,1483,5255,2012,8,1,True,0.28220742150327643
2012-08-27,3,1,8,0,1,1,1,0.703333,0.730417,0.128733,989,6917,2012,8,0,False,0.14298106115365866
2012-08-28,3,1,8,0,2,1,1,0.728333,0.62,0.190925,935,7040,2012,8,0,False,0.13281249999998113
2012-08-29,3,1,8,0,3,1,1,0.685,0.552083,0.112562,1177,7697,2012,8,0,False,0.15291672080029192
2012-08-30,3,1,8,0,4,1,1,0.706667,0.590417,0.0771167,1172,7713,2012,8,0,False,0.15195125113442862
2012-08-31,3,1,8,0,5,1,1,0.764167,0.5875,0.168533,1433,7350,2012,8,0,False,0.19496598639453128
2012-09-01,3,1,9,0,6,0,2,0.753333,0.638333,0.113187,2352,6140,2012,9,1,True,0.3830618892507519
2012-09-02,3,1,9,0,0,0,2,0.696667,0.815,0.0640708,2613,5810,2012,9,1,True,0.44974182444054217
2012-09-03,3,1,9,1,1,0,1,0.7075,0.790833,0.151121,1965,6034,2012,9,0,True,0.3256546237984213
2012-09-04,3,1,9,0,2,1,1,0.725833,0.755,0.236321,867,6864,2012,9,0,False,0.1263111888111704
2012-09-05,3,1,9,0,3,1,1,0.736667,0.74125,0.187808,832,7112,2012,9,0,False,0.11698537682788006
2012-09-06,3,1,9,0,4,1,2,0.696667,0.810417,0.142421,611,6203,2012,9,0,False,0.0985007254554089
2012-09-07,3,1,9,0,5,1,1,0.703333,0.73625,0.171646,1045,7504,2012,9,0,False,0.13925906183367012
2012-09-08,3,1,9,0,6,0,2,0.659167,0.799167,0.281104,1557,5976,2012,9,1,True,0.2605421686746552
2012-09-09,3,1,9,0,0,0,1,0.61,0.5475,0.224496,2570,8227,2012,9,1,True,0.3123860459462365
2012-09-10,3,1,9,0,1,1,1,0.583333,0.50375,0.258713,1118,7525,2012,9,0,False,0.14857142857140881
2012-09-11,3,1,9,0,2,1,1,0.5775,0.52,0.0920542,1070,7767,2012,9,0,False,0.1377623277970725
2012-09-12,3,1,9,0,3,1,1,0.599167,0.577083,0.131846,1050,7870,2012,9,0,False,0.13341804320201608
2012-09-13,3,1,9,0,4,1,1,0.6125,0.637083,0.0827208,1054,7804,2012,9,0,False,0.13505894413119746
2012-09-14,3,1,9,0,5,1,1,0.633333,0.6725,0.103863,1379,8009,2012,9,0,False,0.1721812960419313
2012-09-15,3,1,9,0,6,0,1,0.608333,0.501667,0.247521,3160,8714,2012,9,1,True,0.3626348404865317
2012-09-16,3,1,9,0,0,0,1,0.58,0.57,0.0901833,2166,7333,2012,9,1,True,0.295377062593714
2012-09-17,3,1,9,0,1,1,2,0.580833,0.734583,0.151742,1022,6869,2012,9,0,False,0.14878439365262064
2012-09-18,3,1,9,0,2,1,2,0.623333,0.8725,0.357587,371,4073,2012,9,0,False,0.09108765038053251
2012-09-19,3,1,9,0,3,1,1,0.5525,0.536667,0.215175,788,7591,2012,9,0,False,0.10380714003423741
2012-09-20,3,1,9,0,4,1,1,0.546667,0.618333,0.118167,939,7720,2012,9,0,False,0.12163212435231584
2012-09-21,3,1,9,0,5,1,1,0.599167,0.66875,0.154229,1250,8167,2012,9,0,False,0.1530549773478446
2012-09-22,3,1,9,0,6,0,1,0.65,0.646667,0.283583,2512,8395,2012,9,1,True,0.2992257296009173
2012-09-23,4,1,9,0,0,0,1,0.529167,0.467083,0.223258,2454,7907,2012,9,1,True,0.31035791071198804
2012-09-24,4,1,9,0,1,1,1,0.514167,0.492917,0.142404,1001,7436,2012,9,0,False,0.1346153846153665
2012-09-25,4,1,9,0,2,1,1,0.55,0.57,0.236321,845,7538,2012,9,0,False,0.11209869992038841
2012-09-26,4,1,9,0,3,1,1,0.635,0.630833,0.2444,787,7733,2012,9,0,False,0.10177162808740439
2012-09-27,4,1,9,0,4,1,2,0.65,0.690833,0.134342,751,7393,2012,9,0,False,0.10158257811441883
2012-09-28,4,1,9,0,5,1,2,0.619167,0.69,0.164179,1045,7415,2012,9,0,False,0.14093054619013606
2012-09-29,4,1,9,0,6,0,1,0.5425,0.542917,0.227604,2589,8555,2012,9,1,True,0.30263004091171214
2012-09-30,4,1,9,0,0,0,1,0.526667,0.583333,0.134958,2015,6889,2012,9,1,True,0.2924952823341134
2012-10-01,4,1,10,0,1,1,2,0.520833,0.649167,0.0908042,763,6778,2012,10,0,False,0.11257007966950242
2012-10-02,4,1,10,0,2,1,3,0.590833,0.871667,0.104475,315,4639,2012,10,0,False,0.06790256520800432
2012-10-03,4,1,10,0,3,1,2,0.6575,0.79375,0.0665458,728,7572,2012,10,0,False,0.09614368726887267
2012-10-04,4,1,10,0,4,1,2,0.6575,0.722917,0.117546,891,7328,2012,10,0,False,0.12158842794758165
2012-10-05,4,1,10,0,5,1,1,0.615,0.6275,0.10635,1516,8156,2012,10,0,False,0.1858754291319046
2012-10-06,4,1,10,0,6,0,1,0.554167,0.664167,0.268025,3031,7965,2012,10,1,True,0.3805398618957463
2012-10-07,4,1,10,0,0,0,2,0.415833,0.708333,0.141162,781,3510,2012,10,1,True,0.22250712250705912
2012-10-08,4,1,10,1,1,0,2,0.383333,0.709583,0.189679,874,5478,2012,10,0,True,0.1595472800291786
2012-10-09,4,1,10,0,2,1,2,0.446667,0.761667,0.1903,601,6392,2012,10,0,False,0.0940237797246411
2012-10-10,4,1,10,0,3,1,1,0.514167,0.630833,0.187821,780,7691,2012,10,0,False,0.10141724093094508
2012-10-11,4,1,10,0,4,1,1,0.435,0.463333,0.181596,834,7570,2012,10,0,False,0.11017173051517698
2012-10-12,4,1,10,0,5,1,1,0.4375,0.539167,0.235092,1060,7282,2012,10,0,False,0.1455644053831165
2012-10-13,4,1,10,0,6,0,1,0.393333,0.494583,0.146142,2252,7109,2012,10,1,True,0.3167815445209851
2012-10-14,4,1,10,0,0,0,1,0.521667,0.640417,0.278612,2080,6639,2012,10,1,True,0.3133001958125752
2012-10-15,4,1,10,0,1,1,2,0.561667,0.7075,0.296037,760,5875,2012,10,0,False,0.12936170212763753
2012-10-16,4,1,10,0,2,1,1,0.468333,0.558333,0.182221,922,7534,2012,10,0,False,0.1223785505707297
2012-10-17,4,1,10,0,3,1,1,0.455833,0.692917,0.101371,979,7461,2012,10,0,False,0.13121565473795319
2012-10-18,4,1,10,0,4,1,2,0.5225,0.728333,0.236937,1008,7509,2012,10,0,False,0.13423891330401727
2012-10-19,4,1,10,0,5,1,2,0.563333,0.815,0.134954,753,5424,2012,10,0,False,0.13882743362829297
2012-10-20,4,1,10,0,6,0,1,0.484167,0.572917,0.117537,2806,8090,2012,10,1,True,0.3468479604449509
2012-10-21,4,1,10,0,0,0,1,0.464167,0.51,0.166054,2132,6824,2012,10,1,True,0.31242672919104447
2012-10-22,4,1,10,0,1,1,1,0.4875,0.568333,0.0814833,830,7058,2012,10,0,False,0.11759705298949877
2012-10-23,4,1,10,0,2,1,1,0.544167,0.641667,0.0945458,841,7466,2012,10,0,False,0.11264398607016975
2012-10-24,4,1,10,0,3,1,1,0.5875,0.63625,0.0727792,795,7693,2012,10,0,False,0.10334069933704623
2012-10-25,4,1,10,0,4,1,2,0.55,0.800417,0.124375,875,7359,2012,10,0,False,0.11890202473160498
2012-10-26,4,1,10,0,5,1,2,0.545833,0.807083,0.132467,1182,7444,2012,10,0,False,0.15878559914022583
2012-10-27,4,1,10,0,6,0,2,0.53,0.72,0.235692,2643,7852,2012,10,1,True,0.3366021395822291
2012-10-28,4,1,10,0,0,0,2,0.4775,0.694583,0.398008,998,4459,2012,10,1,True,0.22381699932715318
2012-10-29,4,1,10,0,1,1,3,0.44,0.88,0.3582,2,22,2012,10,0,False,0.09090909090495868
2012-10-30,4,1,10,0,2,1,2,0.318182,0.825455,0.213009,87,1096,2012,10,0,False,0.07937956204372319
2012-10-31,4,1,10,0,3,1,2,0.3575,0.666667,0.166667,419,5566,2012,10,0,False,0.07527847646423369
2012-11-01,4,1,11,0,4,1,2,0.365833,0.581667,0.157346,466,5986,2012,11,0,False,0.07784831272968963
2012-11-02,4,1,11,0,5,1,1,0.355,0.522083,0.266175,618,5847,2012,11,0,False,0.10569522832219844
2012-11-03,4,1,11,0,6,0,2,0.343333,0.49125,0.270529,1029,5138,2012,11,1,True,0.2002724795639937
2012-11-04,4,1,11,0,0,0,1,0.325833,0.532917,0.179108,1201,5107,2012,11,1,True,0.23516741727036708
2012-11-05,4,1,11,0,1,1,1,0.319167,0.494167,0.236325,378,5259,2012,11,0,False,0.07187678265828638
2012-11-06,4,1,11,0,2,1,1,0.280833,0.567083,0.173513,466,5686,2012,11,0,False,0.08195568061904995
2012-11-07,4,1,11,0,3,1,2,0.295833,0.5475,0.304108,326,5035,2012,11,0,False,0.06474677259184414
2012-11-08,4,1,11,0,4,1,1,0.352174,0.333478,0.347835,340,5315,2012,11,0,False,0.063969896519273
2012-11-09,4,1,11,0,5,1,1,0.361667,0.540833,0.214558,709,5992,2012,11,0,False,0.11832443257674927
2012-11-10,4,1,11,0,6,0,1,0.389167,0.645417,0.0578458,2090,6536,2012,11,1,True,0.31976744186041617
2012-11-11,4,1,11,0,0,0,1,0.420833,0.659167,0.1275,2290,6852,2012,11,1,True,0.33420899007584143
2012-11-12,4,1,11,1,1,0,1,0.485,0.741667,0.173517,1097,6269,2012,11,0,True,0.174988036369409
2012-11-13,4,1,11,0,2,1,2,0.343333,0.662917,0.342046,327,4094,2012,11,0,False,0.07987298485586715
2012-11-14,4,1,11,0,3,1,1,0.289167,0.552083,0.199625,373,5495,2012,11,0,False,0.06787989080981476
2012-11-15,4,1,11,0,4,1,2,0.321667,0.620417,0.152987,320,5445,2012,11,0,False,0.05876951331495706
2012-11-16,4,1,11,0,5,1,1,0.345,0.524583,0.171025,484,5698,2012,11,0,False,0.08494208494207003
2012-11-17,4,1,11,0,6,0,1,0.325,0.545417,0.179729,1313,5629,2012,11,1,True,0.23325635103921952
2012-11-18,4,1,11,0,0,0,1,0.3425,0.692917,0.227612,922,4669,2012,11,1,True,0.1974726922252736
2012-11-19,4,1,11,0,1,1,2,0.380833,0.623333,0.235067,449,5499,2012,11,0,False,0.08165120931076893
2012-11-20,4,1,11,0,2,1,2,0.374167,0.685,0.082725,534,5634,2012,11,0,False,0.09478168264109073
2012-11-21,4,1,11,0,3,1,1,0.353333,0.61375,0.103246,615,5146,2012,11,0,False,0.11951029926153914
2012-11-22,4,1,11,1,4,0,1,0.34,0.580417,0.0528708,955,2425,2012,11,0,True,0.39381443298952834
2012-11-23,4,1,11,0,5,1,1,0.368333,0.56875,0.148021,1603,3910,2012,11,0,False,0.4099744245523248
2012-11-24,4,1,11,0,6,0,1,0.278333,0.404583,0.376871,532,2277,2012,11,1,True,0.2336407553797832
2012-11-25,4,1,11,0,0,0,1,0.245833,0.468333,0.1505,309,2424,2012,11,1,True,0.12747524752469988
2012-11-26,4,1,11,0,1,1,1,0.313333,0.535417,0.04665,337,5087,2012,11,0,False,0.06624729703163627
2012-11-27,4,1,11,0,2,1,2,0.291667,0.786667,0.237562,123,3959,2012,11,0,False,0.031068451629191446
2012-11-28,4,1,11,0,3,1,1,0.296667,0.50625,0.210821,198,5260,2012,11,0,False,0.03764258555132364
2012-11-29,4,1,11,0,4,1,1,0.28087,0.555652,0.115522,243,5323,2012,11,0,False,0.04565094871312311
2012-11-30,4,1,11,0,5,1,1,0.298333,0.649583,0.0584708,362,5668,2012,11,0,False,0.06386732533520396
2012-12-01,4,1,12,0,6,0,2,0.298333,0.806667,0.0597042,951,5191,2012,12,1,True,0.18320169524172927
2012-12-02,4,1,12,0,0,0,2,0.3475,0.823333,0.124379,892,4649,2012,12,1,True,0.19186921918688063
2012-12-03,4,1,12,0,1,1,1,0.4525,0.7675,0.0827208,555,6234,2012,12,0,False,0.08902791145330621
2012-12-04,4,1,12,0,2,1,1,0.475833,0.73375,0.174129,551,6606,2012,12,0,False,0.08340902210110757
2012-12-05,4,1,12,0,3,1,1,0.438333,0.485,0.324021,331,5729,2012,12,0,False,0.057776226217479874
2012-12-06,4,1,12,0,4,1,1,0.255833,0.50875,0.174754,340,5375,2012,12,0,False,0.0632558139534766
2012-12-07,4,1,12,0,5,1,2,0.320833,0.764167,0.1306,349,5008,2012,12,0,False,0.06968849840254199
2012-12-08,4,1,12,0,6,0,2,0.381667,0.91125,0.101379,1153,5582,2012,12,1,True,0.20655678968108085
2012-12-09,4,1,12,0,0,0,2,0.384167,0.905417,0.157975,441,3228,2012,12,1,True,0.13661710037170488
2012-12-10,4,1,12,0,1,1,2,0.435833,0.925,0.190308,329,5170,2012,12,0,False,0.06363636363635132
2012-12-11,4,1,12,0,2,1,2,0.353333,0.596667,0.296037,282,5501,2012,12,0,False,0.05126340665332643
2012-12-12,4,1,12,0,3,1,2,0.2975,0.538333,0.162937,310,5319,2012,12,0,False,0.058281631885681834
2012-12-13,4,1,12,0,4,1,1,0.295833,0.485833,0.174129,425,5532,2012,12,0,False,0.07682574114243007
2012-12-14,4,1,12,0,5,1,1,0.281667,0.642917,0.131229,429,5611,2012,12,0,False,0.07645695954373971
2012-12-15,4,1,12,0,6,0,1,0.324167,0.650417,0.10635,767,5047,2012,12,1,True,0.15197146819889992
2012-12-16,4,1,12,0,0,0,2,0.3625,0.83875,0.100742,538,3786,2012,12,1,True,0.14210248283144689
2012-12-17,4,1,12,0,1,1,2,0.393333,0.907083,0.0982583,212,4585,2012,12,0,False,0.04623773173390485
2012-12-18,4,1,12,0,2,1,1,0.410833,0.66625,0.221404,433,5557,2012,12,0,False,0.07791974086736045
2012-12-19,4,1,12,0,3,1,1,0.3325,0.625417,0.184092,333,5267,2012,12,0,False,0.06322384659197584
2012-12-20,4,1,12,0,4,1,2,0.33,0.667917,0.132463,314,4128,2012,12,0,False,0.07606589147284978
2012-12-21,1,1,12,0,5,1,2,0.326667,0.556667,0.374383,221,3623,2012,12,0,False,0.060999171956924926
2012-12-22,1,1,12,0,6,0,1,0.265833,0.44125,0.407346,205,1749,2012,12,1,True,0.11720983419089925
2012-12-23,1,1,12,0,0,0,1,0.245833,0.515417,0.133083,408,1787,2012,12,1,True,0.2283156127586859
2012-12-24,1,1,12,0,1,1,2,0.231304,0.791304,0.0772304,174,920,2012,12,0,False,0.18913043478240313
2012-12-25,1,1,12,1,2,0,2,0.291304,0.734783,0.168726,440,1013,2012,12,0,True,0.43435340572513886
2012-12-26,1,1,12,0,3,1,3,0.243333,0.823333,0.316546,9,441,2012,12,0,False,0.020408163265259845
2012-12-27,1,1,12,0,4,1,2,0.254167,0.652917,0.350133,247,2114,2012,12,0,False,0.11684011352879999
2012-12-28,1,1,12,0,5,1,2,0.253333,0.59,0.155471,644,3095,2012,12,0,False,0.20807754442642712
2012-12-29,1,1,12,0,6,0,2,0.253333,0.752917,0.124383,159,1341,2012,12,1,True,0.11856823266210398
2012-12-30,1,1,12,0,0,0,1,0.255833,0.483333,0.350754,364,1796,2012,12,1,True,0.20267260579053303
2012-12-31,1,1,12,0,1,1,2,0.215833,0.5775,0.154846,439,2729,2012,12,0,False,0.16086478563570508
